video_url,author,text
https://www.youtube.com/watch?v=mR2tKo21f2Q,@Ekanayake-bu8ze,‡∂∏‡∑ô‡∑Ä‡∂ª ‡∂¥‡∂Ω‡∑è‡∂≠‡∑ä ‡∂¥‡∑è‡∂Ω‡∂± ‡∂∏‡∑ê‡∂≠‡∑í‡∑Ä‡∂ª‡∂´‡∂∫‡∑ö ‡∂Ø‡∑ì NPP ‡∂∏‡∑è‡∂Ω‡∑í‡∂∏‡∑è‡∑Ä‡∂ß ‡∂°‡∂±‡∑ä‡∂Ø‡∂∫ ‡∂Ø‡∑ô‡∂± ‡∂Ö‡∂¥‡∑ö ‡∂ª‡∂ß‡∑ö ‡∂á‡∂≠‡∑ä‡∂≠ ‡∂∏‡∑í‡∂±‡∑í‡∑É‡∑î‡∂±‡∑ä‡∂ß ‡∂¢‡∑è‡∂≠‡∑í‡∂∫‡∑ö ‡∂ã‡∂≠‡∑ä‡∂≠‡∂∏‡∑è‡∂†‡∑è‡∂ª‡∂∫ 
https://www.youtube.com/watch?v=mR2tKo21f2Q,@shiromanie2259,‡∂¢‡∂∫‡∑Ä‡∑ö‡∑Ä‡∑è  ‡∂Ω‡∑ú‡∂ö‡∑î ‡∑É‡∑Ñ‡∑ù‡∂Ø‡∂ª‡∂∫‡∑è.‡∂î‡∂∂‡∑ö ‡∂ö‡∑ê‡∂¥‡∑Ä‡∑ì‡∂∏  ‡∂∏‡∑í‡∂Ω ‡∂ö‡∂Ω‡∂±‡∑ú‡∑Ñ‡∑ê‡∂ö.
https://www.youtube.com/watch?v=mR2tKo21f2Q,@maduranganik1426,‡∂Ö‡∂¥‡∑í ‡∂Ø‡∑í‡∂±‡∂∏‡∑î .‡∂ú‡∂∏ ‡∑Ñ‡∂Ø‡∂∏‡∑î..Ô∏è
https://www.youtube.com/watch?v=mR2tKo21f2Q,@Amarathunge,‡∑É‡∑ä‡∂≠‡∑ñ‡∂≠‡∑í‡∂∫‡∑í......
https://www.youtube.com/watch?v=mR2tKo21f2Q,@nisaljayawardena,"‡∂Ö  Ô∏è ‡∂Ö‡∂±‡∑è‡∂ú‡∂≠‡∂∫ 
‡∂±‡∑î Ô∏è ‡∂±‡∑î‡∂π‡∂∫‡∑í
‡∂ª  Ô∏è ‡∂ª‡∂ß‡∑ö"
https://www.youtube.com/watch?v=mR2tKo21f2Q,@CharithaSovis,‡∂ú‡∑í‡∂∫‡∂¥‡∑è‡∂ª ‡∂∏‡∑è‡∂Ω‡∑í‡∂∏‡∑è‡∑Ä‡∂ß 2/3 ‡∂∂‡∂Ω‡∂∫‡∂ö‡∑ä ‡∂Ö‡∂¥‡∑í ‡∂Ω‡∂∂‡∑è ‡∂Ø‡∑î‡∂±‡∑ä‡∂±‡∑è ‡∑Ä‡∂ú‡∑ö ‡∂∏‡∑ô‡∑Ä‡∂ª‡∂≠‡∑ä ‡∑É‡∑í‡∂∫‡∂Ω‡∑î‡∂∏ ‡∂¥‡∂Ω‡∑è‡∂≠‡∑ä ‡∑É‡∂∑‡∑è‡∑Ä‡∂Ω 5/6 ‡∂∂‡∂Ω‡∂∫ ‡∂∏‡∑è‡∂Ω‡∑í‡∂∏‡∑è‡∑Ä‡∂ß ‡∂Ω‡∂∂‡∑è ‡∂Ø‡∑ô‡∂∏‡∑î! üá±üá∞
https://www.youtube.com/watch?v=mR2tKo21f2Q,@Deepthi-v1q,‡∂±‡∑í‡∂∫‡∂∏‡∑è‡∂∫‡∑í ..‡∂∏‡∑è‡∂Ω‡∑í‡∂∏‡∑è‡∑Ä‡∂ß ‡∂¢‡∂∫‡∑Ä‡∑ö‡∑Ä‡∑è ..
https://www.youtube.com/watch?v=mR2tKo21f2Q,@DonRathnasiri-hv7rk,‡∂ö‡∑í‡∑É‡∑í‡∂∏ ‡∂Ω‡∑è‡∂∂ ‡∂¥‡∑ä‚Äç‡∂ª‡∂∫‡∑ù‡∂¢‡∂±‡∂∫‡∂ö‡∑ä ‡∂±‡∑ê‡∂≠‡∑î‡∑Ä ‡∂¢‡∂±‡∂≠‡∑è ‡∑É‡∑ö‡∑Ä‡∂∫‡∂ß ‡∂ö‡∑ê‡∂¥ ‡∂ã‡∂± ‡∂¢‡∂±‡∑è‡∂∞‡∑í‡∂¥‡∂≠‡∑í‡∂≠‡∑î‡∂∏‡∑è  Tilwin ‡∑É‡∑Ñ‡∑ù‡∂Ø‡∂ª‡∂∫‡∑è ‡∂á‡∂≠‡∑î‡∂Ω‡∑î ‡∂∏‡∑è‡∂Ω‡∑í‡∂∏‡∑è‡∑Ä‡∑ô ‡∑É‡∑Ñ‡∑ù‡∂Ø‡∂ª‡∂≠‡∑ä‡∑Ä‡∂∫‡∂ß ‡∂ã‡∂≠‡∑î‡∂∏‡∑ä ‡∂Ø‡∑Ö‡∂Ø‡∑è ‡∑É‡∂∏‡∑í‡∂Ø‡∑î‡∂±‡∑ä‡∂ú‡∑ö ‡∂Ü‡∑Å‡∑í‡∂ª‡∑ä‡∑Ä‡∑è‡∂Ø‡∂∫ ‡∑Ä‡∑ö‡∑Ä‡∑è  ‡∂∏‡∑ô‡∂Ø‡∑è‡∂ú‡∂∏‡∂± 5/6 ‡∂ö‡∑ä ‡∑Ñ‡∑ù ‡∂ä‡∂ß ‡∂Ü‡∑É‡∂±‡∑ä‡∂± ‡∂¥‡∑ä‚Äç‡∂ª‡∂∏‡∑è‡∂´‡∂∫‡∂ö ‡∂∏‡∂±‡∑è‡∂¥ ‡∂Ω‡∑ê‡∂∂‡∑ô‡∂±‡∑Ä‡∂∏‡∂∫‡∑í Shure ‡∂ë‡∂ö‡∂ß  Asoka Dias ‡∂∏‡∂Ω‡∑ä‡∂Ω‡∑í ‡∂î‡∂∂‡∂≠‡∑ä ‡∂â‡∂≠‡∑è‡∂∏‡∂≠‡∑ä ‡∂±‡∑í‡∑Ñ‡∂≠‡∂∏‡∑è‡∂±‡∑ì ‡∂∏‡∂∞‡∑ä‚Äç‡∂∫‡∑É‡∑ä‡∂≠ ‡∂∏‡∂±‡∑î‡∑É‡∑ä‡∑É‡∂∫‡∑ô‡∂ö‡∑ä ‡∂î‡∂∂‡∂ß ‡∂Ö‡∂¥‡∂ú‡∑ö ‡∂ú‡∑Ä‡∑î‡∂ª‡∑Ä‡∂∫  ‡∂ö‡∑ê‡∂±‡∂©‡∑è‡∑Ä‡∑ö üá®üá¶ ‡∑É‡∑í‡∂ß
https://www.youtube.com/watch?v=mR2tKo21f2Q,@ashan2000,Big boss. The best general secretary to a political party I have ever seen. 
https://www.youtube.com/watch?v=mR2tKo21f2Q,@nimalsamaranayake1249, A K D is our only hope  in  Srilanka !
https://www.youtube.com/watch?v=mR2tKo21f2Q,@tudorartsl4047,‡∂ß‡∑í‡∂Ω‡∑ä‡∑Ä‡∑í‡∂±‡∑ä ‡∑É‡∑Ñ‡∑ù‡∂Ø‡∂ª‡∂∫‡∑è ‡∂Ω‡∑É‡∑ä‡∑É‡∂± ‡∑Ä‡∑ô‡∂Ω‡∑è
https://www.youtube.com/watch?v=mR2tKo21f2Q,@roshanpercy6854,‡∂â‡∂≠‡∑î‡∂ª‡∑î ‡∑É‡∑ô‡∂ß‡∑ä ‡∂ë‡∂ö‡∂≠‡∑ä ‡∂∏‡∑ö‡∂¥‡∑è‡∂ª ‡∂∏‡∑è‡∂Ω‡∑í‡∂∏‡∑è‡∑Ä‡∂ß...... ‡∂∏‡∑î‡∑Ö‡∑î ‡∂ª‡∂ß‡∂∏
https://www.youtube.com/watch?v=mR2tKo21f2Q,@anandakumara2595,"JAYA,SIKURUI,SAHOO.."
https://www.youtube.com/watch?v=mR2tKo21f2Q,@eigochat,"Local government election 90% vote for NPP/JVP 
FOR SURE!!!

‡∂¥‡∑Ö‡∑è‡∂≠‡∑ä ‡∂¥‡∑è‡∂Ω‡∂± ‡∂∏‡∑ê‡∂≠‡∑í‡∑Ä‡∂ª‡∂´‡∂∫‡∑ö‡∂Ø‡∑ì 90% ‡∂ö ‡∂°‡∂±‡∑ä‡∂Ø ‡∂¥‡∑ä‚Äç‡∂ª‡∂≠‡∑í‡∑Å‡∂≠‡∂∫‡∂ö‡∑ä NPP/JVP ‡∑É‡∂≥‡∑Ñ‡∑è‡∂∫‡∑í 
‡∂±‡∑í‡∑É‡∑ê‡∂ö‡∑Ä‡∂∏!!!

‡Æâ‡Æ≥‡Øç‡Æ≥‡Ææ‡Æü‡Øç‡Æö‡Æø‡Æ§‡Øç ‡Æ§‡Øá‡Æ∞‡Øç‡Æ§‡Æ≤‡Æø‡Æ≤‡Øç 90% ‡Æµ‡Ææ‡Æï‡Øç‡Æï‡ØÅ‡Æï‡Æ≥‡Øç NPP/JVP‡Æï‡Øç‡Æï‡ØÅ 
‡Æ®‡Æø‡Æö‡Øç‡Æö‡ÆØ‡ÆÆ‡Ææ‡Æï!!!"
https://www.youtube.com/watch?v=mR2tKo21f2Q,@kamalgunawardana4913,NPP jayawewa
https://www.youtube.com/watch?v=mR2tKo21f2Q,@SarathBandara-o7k,‡∂ë‡∂Ω‡∂ö‡∑í‡∂ª‡∑í ‡∂Ω‡∑ú‡∂ö‡∑ä‡∂ö‡∑è ‡∂¥‡∑ä‡∂∫‡∑Ä‡∑ä‡∑Ä‡∑è
https://www.youtube.com/watch?v=mR2tKo21f2Q,@LalithaKosala,"He's the one head of NPP, Go ahead big brother we will not leave Malimawa don't worry"
https://www.youtube.com/watch?v=mR2tKo21f2Q,@kumarahewage4479,Siyaluma ‡∂∂‡∂Ω‡∂∫ NPP ‡∂ë‡∂ö‡∂ß ‡∂Ø‡∑ô‡∂±‡∑ä‡∂±‡∂∏ ‡∂ï‡∂±‡∑ô... ‡∑Ñ‡∑ú‡∂ª‡∑î‡∂±‡∑ä‡∂ß ‡∂¥‡∑è‡∂©‡∂∏‡∂ö‡∑ä ugannanna ‡∂±‡∂∏‡∑ä..
https://www.youtube.com/watch?v=mR2tKo21f2Q,@sajeevaniepriyanka4553,
https://www.youtube.com/watch?v=mR2tKo21f2Q,@pofansrilanka7345,"‡∂ß‡∑í‡∂Ω‡∑ä‡∑Ä‡∑í‡∂±‡∑ä ‡∂∏‡∂Ω‡∑ä‡∂Ω‡∑ì, ‡∂ö‡∂Ω‡∑î ‡∑É‡∑î‡∂Ø‡∑ä‡∂Ø‡∑è, ‡∂∂‡∂≠‡∂Ω‡∂∫‡∑è, ‡∂∂‡∑ê‡∂Ø‡∑ä‡∂Ø‡∂ú‡∑è‡∂±‡∑ô‡∑ä ‡∂Ö‡∑Ñ‡∑Ä‡∂Ω‡∑è ‡∑Ä‡∑ê‡∂±‡∑í ‡∂¥‡∂Ω‡∑è‡∂≠‡∑ä‡∂∂‡∂Ø ‡∂ö‡∑î‡∂©‡∑î ‡∂¥‡∑è‡∂≠‡∑è‡∂Ω ‡∂¢‡∑è‡∂Ω‡∂∫‡∂±‡∑ä‡∂ú‡∑ô‡∑ä ‡∑É‡∑í‡∂ß ‡∂ª‡∂±‡∑í‡∂Ω‡∑ä, ‡∂ú‡∑ô‡∑è‡∑ä‡∂ß‡∑è, ‡∂∏‡∑Ñ‡∑í‡∂±‡∑ä‡∂Ø, ‡∂±‡∑è‡∂∏‡∂Ω‡∑ä, ‡∂∫‡∑ô‡∑è‡∑ä‡∑Ç‡∑í‡∂≠, ‡∂ß‡∑í‡∂ª‡∑è‡∂±‡∑ä, ‡∂Ø‡∑ô‡∑ä‡∑Å‡∂∂‡∂±‡∑ä‡∂Ø‡∑î, ‡∂á‡∂≠‡∑ê‡∂∏‡∑ä ‡∑Ñ‡∂∏‡∑î‡∂Ø‡∑è ‡∑Ñ‡∑è ‡∂¥‡∑ô‡∑è‡∂Ω‡∑í‡∑É‡∑ä ‡∂Ω‡∑ô‡∑è‡∂ö‡∑ä‡∂ö‡∑ô‡∑è‡∑ä, ‡∂±‡∑ì‡∂≠‡∑í‡∂¥‡∂≠‡∑í, ‡∂¥‡∑ô‡∑è‡∂Ω‡∑í‡∑É‡∑ä ‡∂ö‡∑ô‡∑è‡∂∏‡∑í‡∑É‡∂∏ ‡∂Ü‡∂Ø‡∑ì ‡∂Ö‡∂≠‡∑í ‡∑Ä‡∑í‡∑Å‡∑è‡∂Ω ‡∂∞‡∂±‡∂∫ ‡∑Ñ‡∑í‡∂∏‡∑í ‡∂Ø‡∑ô‡∑ä‡∑Å‡∂¥‡∑è‡∂Ω‡∂± ‡∂¥‡∑è‡∂≠‡∑è‡∂Ω‡∂∫ ‡∂Ø‡∂ö‡∑ä‡∑Ä‡∑è ‡∑Ä‡∑í‡∑Ñ‡∑í‡∂Ø‡∑ô‡∂± ‡∂∏‡∑ê‡∂ª ‡∑É‡∑ô‡∑ä‡∂±‡∑è‡∑Ä ‡∂±‡∑í‡∂Ø‡∑Ñ‡∑É‡∑ô‡∑ä ‡∂∏‡∑è‡∂Ω‡∑í‡∂∏‡∑è ‡∂Ü‡∂±‡∑ä‡∂©‡∑î‡∑Ä ‡∂∫‡∂ß‡∂ö‡∂ª‡∂ú‡∑ô‡∂± ‡∑É‡∑í‡∂ß‡∑í‡∂±‡∂≠‡∑î‡∂ª‡∑î ‡∂Ö‡∂¥‡∑ô‡∑ä ‡∂¢‡∑è‡∂≠‡∑í‡∂∫‡∂ß ‡∂ú‡∑ô‡∑è‡∂©‡∂í‡∂∏‡∂ö‡∑ä ‡∂±‡∑ô‡∑è‡∂∏‡∑ê‡∂≠. ‡∂∏‡∑ô‡∑ä ‡∂Ö‡∂¥‡∂ª‡∑è‡∂∞‡∂ö‡∑è‡∂ª‡∂∫‡∂±‡∑ä ‡∂∏‡∂ª‡∑ä‡∂∞‡∂±‡∂∫ ‡∂ö‡∑í‡∂ª‡∑ì‡∂∏‡∂ß ‡∂∏‡∑è‡∂Ω‡∑í‡∂∏‡∑è ‡∂¥‡∂ö‡∑ä‡∑Ç‡∂¥‡∑è‡∂≠‡∑ì ‡∂¢‡∂±‡∂≠‡∑è ‡∂Ö‡∂ª‡∂ú‡∂Ω‡∂∫‡∂ö‡∑ä ‡∂Ø‡∑í‡∂∫‡∂≠‡∑ä‡∂ö‡∂Ω ‡∂∫‡∑î‡∂≠‡∑î‡∑Ä‡∑ô‡∑ä‡∑Ä‡∑í ‡∂±‡∑ô‡∑ä‡∂Ø?"
https://www.youtube.com/watch?v=mR2tKo21f2Q,@RitaHannah-c6y,"Welasanin genna thibuna pakshayak, NPP jayawewa"
https://www.youtube.com/watch?v=mR2tKo21f2Q,@dineshweerasinghe9373,
https://www.youtube.com/watch?v=mR2tKo21f2Q,@PathmalathaDG,‡∂Ö‡∂¥‡∑í.‡∂∏‡∑è‡∂Ω‡∑í‡∂∏‡∑è‡∑Ä.‡∂Ø‡∑í‡∂±‡∑Ä‡∂∏‡∑ñ.‡∑Ñ‡∑ú‡∂ª‡∑î.‡∂±‡∑ä‡∂ß.‡∂≠‡∑Ä‡∂≠‡∑ä.‡∑Ñ‡∑ú‡∂ª‡∑è.‡∂ö‡∂±‡∑ä‡∂±.‡∂â‡∂©.‡∂±‡∑ú‡∂≠‡∂∂‡∂∏‡∑ñ
https://www.youtube.com/watch?v=mR2tKo21f2Q,@DineshDadi-y9b,npp 
https://www.youtube.com/watch?v=mR2tKo21f2Q,@RuwanthiSuranga,Npp
https://www.youtube.com/watch?v=mR2tKo21f2Q,@nisaljayawardena,"LET'S ACHIEVE A GREAT VICTORY FOR THE NATIONAL PEOPLE'S POWER IN THE UPCOMING LOCAL GOVERNMENT ELECTIONS!
 NPP "
https://www.youtube.com/watch?v=mR2tKo21f2Q,@nisaljayawardena,JVP  NPP  AKD üá±üá∞
https://www.youtube.com/watch?v=mR2tKo21f2Q,@athukoralagechandrapala1834, jayawawa  Sahodaraya
https://www.youtube.com/watch?v=mR2tKo21f2Q,@ChandanaPerera-e6o,‡∂Ω‡∑ú‡∂ö‡∑î ‡∂Ö‡∂∫‡∑í‡∂∫‡∑è
https://www.youtube.com/watch?v=mR2tKo21f2Q,@samarathungahallinnage1713,
https://www.youtube.com/watch?v=mR2tKo21f2Q,@Ekanayake-bu8ze,
https://www.youtube.com/watch?v=mR2tKo21f2Q,@realvam1992,
https://www.youtube.com/watch?v=mR2tKo21f2Q,@yvonnethomas380,
https://www.youtube.com/watch?v=mR2tKo21f2Q,@chathurangakbs1639,Good morning sir .sorry sir
https://www.youtube.com/watch?v=mR2tKo21f2Q,@namiskitchen3426,"Tilvin. Anura ta kiyanna neethipathi iwath karanna kiyala. Agili nogaha baha. Rata winashayata yanawa. 
Chamuditha ekka  girl kenek kathakaranawa yesterday. Dewndara dehi gedara aya minimarana hati saha hamudawa, nakotic, STF 
Kudu jawarame yedena hati .
Wahama soyabala dadi piyawara ganna. 
Horu elawa aluth daruwana thana denna.
If you want to build a country clean nakotic, police, STF.
Sarah Fonseka aragena ratae arakshawa baradenna.
He will clean the country."
https://www.youtube.com/watch?v=mR2tKo21f2Q,@nalakaindrakumara1141,‡∂Ö‡∂≠‡∑í‡∂ú‡∂ª‡∑î ‡∂¢‡∂±‡∑è‡∂∞‡∑í‡∂¥‡∂≠‡∑í‡∂≠‡∑î‡∂∏‡∂±‡∑í ‡∂∏‡∑ê‡∂≠‡∑í‡∑Ä‡∂ª‡∂´ ‡∑Ñ‡∂≠‡∂ª‡∂∏ ‡∂±‡∑í‡∑Å‡∑ä‡∂†‡∑í‡∂≠ ‡∂Ø‡∑í‡∂±‡∂∫‡∂ö ‡∂¥‡∑Ä‡∂≠‡∑ä‡∑Ä‡∂± ‡∑Ä‡∑ê‡∂©‡∂¥‡∑í‡∑Ö‡∑í‡∑Ä‡∑ô‡∑Ö‡∂ö‡∑ä ‡∂â‡∂ö‡∑ä‡∂∏‡∂±‡∑í‡∂±‡∑ä‡∂∏ ‡∑Ñ‡∂Ø‡∂±‡∑ä‡∂± ‡∂∏‡∂±‡∑è‡∂¥ ‡∂°‡∂±‡∑ä‡∂Ø ‡∂Ö‡∑Ñ‡∑ù‡∑É‡∑í ‡∂ö‡∂ª‡∂±‡∑ä‡∂± ‡∑É‡∑í‡∂∫‡∂Ω‡∑î‡∂∏ ‡∂∏‡∑ê‡∂≠‡∑í‡∑Ä‡∂ª‡∂´ ‡∑Ä‡∂Ω‚Å£‡∂ß.
https://www.youtube.com/watch?v=mR2tKo21f2Q,@nisaljayawardena,"‡∂â‡∂Ø‡∑í‡∂ª‡∑í‡∂∫‡∑ö‡∂Ø‡∑ì ‡∂¥‡∑ê‡∑Ä‡∑ê‡∂≠‡∑ä‡∑Ä‡∑ì‡∂∏‡∂ß ‡∂±‡∑í‡∂∫‡∂∏‡∑í‡∂≠ ‡∂¥‡∑Ö‡∑è‡∂≠‡∑ä ‡∂¥‡∑è‡∂Ω‡∂± ‡∂∏‡∑ê‡∂≠‡∑í‡∑Ä‡∂ª‡∂´‡∂∫, ‡∂¢‡∑è‡∂≠‡∑í‡∂ö ‡∂¢‡∂±‡∂∂‡∂Ω‡∑Ä‡∑ö‡∂ú‡∂∫‡∂ß ‡∑Ä‡∑í‡∑Å‡∑í‡∑Ç‡∑ä‡∂ß ‡∂¢‡∂∫‡∂ú‡∑ä‚Äç‡∂ª‡∑Ñ‡∂´‡∂∫‡∂ö‡∑ä ‡∂Ö‡∂≠‡∑ä ‡∂ö‡∂ª ‡∂Ø‡∑ô‡∂∏‡∑î! ‡∂Ø‡∑ê‡∂±‡∑ä‡∂∏ ‡∑Ä‡∑ê‡∂©‡∑ö‡∂ß ‡∂∂‡∑Ñ‡∑í‡∂∏‡∑î! ‡∂∏‡∑è‡∂Ω‡∑í‡∂∏‡∑è‡∑Ä ‡∂Ø‡∑í‡∂±‡∑Ä‡∂∏‡∑î!  NPP"
https://www.youtube.com/watch?v=mR2tKo21f2Q,@Pathmini-j3v,
https://www.youtube.com/watch?v=mR2tKo21f2Q,@PrinceKumara-b1l,‡∂∏‡∑è‡∂Ω‡∑í‡∂∏‡∑è‡∑Ä ‡∑É‡∂∏‡∂ú ‡∂Ö‡∂¥‡∑í ‡∂â‡∂±‡∑ä‡∂±‡∑Ä‡∑è.
https://www.youtube.com/watch?v=mR2tKo21f2Q,@pradeeperanga8958,Npp
https://www.youtube.com/watch?v=mR2tKo21f2Q,@anandakumara2595,"GOOD,MORNING,Ô∏èÔ∏èÔ∏è.RATEEAMA,MALLILA,NANGILAGEA,LOKU,AIYAA,"
https://www.youtube.com/watch?v=mR2tKo21f2Q,@Rosam-l6g,"Really honest true leadership has sacrificed his life for the betterment of our future No hidden agendas if our people had given the power to them 
our economy should have not been broken"
https://www.youtube.com/watch?v=mR2tKo21f2Q,@ruwanlakshitha5886,A win for NPP means a win for the people of Sri Lanka. Do not let the corrupt opposition to dismantle the development agenda. We must all stand unite to support the government 
https://www.youtube.com/watch?v=mR2tKo21f2Q,@aloysiusjesuthasan5264,NPP
https://www.youtube.com/watch?v=mR2tKo21f2Q,@janakaprasanga713,"2/3 ‡∂∂‡∂Ω‡∂∫‡∂ö‡∑ä  ‡∂≠‡∑í‡∂∫‡∑ô‡∂± ‡∂±‡∑í‡∑É‡∑è,  ‡∂Ü‡∂´‡∑ä‡∂©‡∑î‡∑Ä ‡∂ö‡∂ª‡∂±‡∑ä‡∂± ‡∂ï‡∂± ‡∑Ä‡∑ê‡∂Ø‡∂ú‡∂≠‡∑ä ‡∂Ö‡∂´ ‡∂¥‡∂±‡∂≠‡∑ä ‡∂ú‡∑ô‡∂±‡∂Ω‡∑ä‡∂Ω ‡∑É‡∂∏‡∑ä‡∂∏‡∂≠ ‡∂ö‡∂ª‡∂±‡∑ä‡∂± ‡∑É‡∑ë‡∂∏ ‡∂¥‡∑è‡∂ª‡∑ä‡∂Ω‡∑í‡∂∏‡∑ö‡∂±‡∑ä‡∂≠‡∑î ‡∂∏‡∂±‡∑ä‡∂≠‡∑ä‚Äç‡∂ª‡∑ì‡∑Ä‡∂ª‡∂∫‡∑ô‡∂ö‡∑ä‡∂ß‡∂∏.. ‡∂Ö‡∂Ø‡∑è‡∑Ö‡∑Ä ‡∂ö‡∂ª‡∂±‡∑î ‡∂Ω‡∂∂‡∂±  ‡∑Ä‡∑í‡∂∫‡∂Ø‡∂∏‡∑ä  ‡∂¥‡∑è‡∂ª‡∑ä‡∂Ω‡∑í‡∂∏‡∑ö‡∂±‡∑ä‡∂≠‡∑î‡∑Ä ‡∑Ñ‡∂ª‡∑Ñ‡∑è  ‡∑É‡∑í‡∂Ø‡∑î‡∂ö‡∂ª‡∂±‡∑ä‡∂±..  ‡∂Ö‡∂∏‡∑è‡∂≠‡∑ä‚Äç‡∂∫‡∑è‡∂Ç‡∑Å ‡∑Ä‡∂Ω‡∑í‡∂±‡∑ä  ‡∑É‡∑í‡∂Ø‡∑î‡∂ö‡∂ª‡∂± ‡∂±‡∑í‡∑É‡∑è ‡∂≠‡∂∏‡∑è ‡∑Ñ‡∑ú‡∂ª‡∂ö‡∂∏‡∑ä ‡∑É‡∑í‡∂Ø‡∑î‡∑Ä‡∑ô‡∂±‡∑ä‡∂±‡∑ö.  ‡∂¥‡∑è‡∂ª‡∑ä‡∂Ω‡∑í‡∂∏‡∑ö‡∂±‡∑ä‡∂≠‡∑î‡∑Ä‡∑ô‡∂±‡∑ä  ‡∑Ä‡∑è‡∑Ñ‡∂±‡∂∫‡∂ö‡∑ä  driver ‡∂ö‡∑ô‡∂±‡∑ô‡∂ö‡∑ä   ‡∂±‡∑í‡∑Ä‡∑É‡∂ö‡∑ä  ‡∂Ø‡∑ô‡∂±‡∑ä‡∂± ‡∂ï‡∂±..‡∑Ä‡∑ô‡∂± ‡∂ö‡∑í‡∑É‡∑í‡∂∏ ‡∑Ä‡∑í‡∂Ø‡∑í‡∂∫‡∂ö‡∑í‡∂±‡∑ä  ‡∑è‡∂ª‡∑ä‡∂Ω‡∑í‡∂∏‡∑ö‡∂±‡∑ä‡∂≠‡∑î ‡∂∏‡∂±‡∑ä‡∂≠‡∑ä‚Äç‡∂ª‡∑ì‡∑Ä‡∂ª‡∑î‡∂±‡∑ä‡∂ß  ‡∂Ö‡∂Ø‡∑è‡∑Ö ‡∑Ä‡∑í‡∂∫‡∂Ø‡∂∏‡∑ä  ‡∑É‡∑í‡∂Ø‡∑î ‡∂ö‡∑í‡∂ª‡∑ì‡∂∏ ‡∂≠‡∑Ñ‡∂±‡∂∏‡∑ä  ‡∂ö‡∂ª‡∂±‡∑ä‡∂± ‡∂ï‡∂±.  ‡∂∏‡∑ö ‡∂Ω‡∑ù‡∂ö‡∑ö ‡∂Ö‡∑Ä‡∂Ç‡∂ö ‡∂∏‡∑í‡∂±‡∑í‡∑É‡∑ä‡∑É‡∑î‡∂±‡∑ä ‡∂ö‡∑í‡∂∫‡∂Ω‡∑è ‡∂¢‡∑è‡∂≠‡∑í‡∂∫‡∂ö‡∑ä ‡∂±‡∑ë.‡∑Ä‡∂≠‡∑ä‡∂ö‡∂∏‡∑ä ‡∂∂‡∑ê‡∂ª‡∂ö‡∂∏‡∑ä ‡∂¥‡∑ä‚Äç‡∂ª‡∂ö‡∑è‡∑Å  ‡∂ö‡∂ª‡∂±‡∑ä‡∂± ‡∂â ‡∂â‡∂Ø‡∑í‡∂ª ‡∂â‡∂Ø‡∑í‡∂ª‡∑í‡∂¥‡∂≠‡∑ä ‡∂ö‡∑í‡∂ª‡∑ì‡∂∏‡∂ß ‡∂Ö‡∂Ø‡∑è‡∑Ö‡∑è ‡∂¥‡∂±‡∂≠‡∑ä ‡∑Ä‡∑ô‡∂±‡∑É‡∑ä ‡∂ö‡∂ª‡∂±‡∑ä‡∂± ‡∂ï‡∂±,  ‡∂∏‡∑ö ‡∂Ü‡∂´‡∑ä‡∂©‡∑î‡∑Ä ‡∂í‡∑Ä‡∑è ‡∂ö‡∂ª‡∂±‡∑ä‡∂± ‡∂á‡∂≠‡∑ä‡∂±‡∂∏‡∑ä  ‡∂á‡∂≠‡∑í ‡∑Ä‡∑ê‡∂©‡∂ö‡∑î‡∂≠‡∑ä ‡∂±‡∑ë"
https://www.youtube.com/watch?v=mR2tKo21f2Q,@tharindu2803,‡∂Ø‡∑ô‡∂±‡∑ä ‡∂±‡∑ë ‡∂Ü‡∂∫‡∑ô
https://www.youtube.com/watch?v=mR2tKo21f2Q,@MorinMolligoda,Good luck NPP
https://www.youtube.com/watch?v=mR2tKo21f2Q,@dharmadasaathukorala8496,Aparadha karuwanta karunawa dakwanne nam ‚Äú. Sirisangabo rajathumata siduwunu akarathebbaya ‚Äúmema government ekatath sidu nowewida?
https://www.youtube.com/watch?v=mR2tKo21f2Q,@n-lyrics8798,
https://www.youtube.com/watch?v=mR2tKo21f2Q,@chamaripriyangani4177,"Tilvin sahodarrayata
Game chandeta kola ba districayata mahajanayage oluwa hadimata Godak wenasak ganna we v Npp dinaweemata"
https://www.youtube.com/watch?v=mR2tKo21f2Q,@MaheshSiriwardane,Balan Inna. Chanda 1/2 adu wenawa.
https://www.youtube.com/watch?v=mR2tKo21f2Q,@chamaripriyangani4177,Mewarath weddima chandayen NPP dinawamu
https://www.youtube.com/watch?v=mR2tKo21f2Q,@dharmadasaathukorala8496,"Meweni kepakireem karana party secretary,gawinta penenne helapayek wagelu"
https://www.youtube.com/watch?v=mR2tKo21f2Q,@chamaripriyangani4177,Ape kena game enawa dinawanna thamai sanvidaya wela thibenne Dan Dan gamata gihin bimmattame Cita oluwa hadanna we v putha
https://www.youtube.com/watch?v=mR2tKo21f2Q,@dharmadasaathukorala8496,Desabandu thanathurin iwathnokaranne manda? Tilwin saho pehedil karanna. Boho aya kiyanne. Npp ekata kondak nomethi bawai. Eya apa semata getaluwa Jo.
https://www.youtube.com/watch?v=mR2tKo21f2Q,@upalikasthuriarachchikas-tr6ug,Akath kannada hadanne
https://www.youtube.com/watch?v=mR2tKo21f2Q,@NilanganiWikcramasinghe,"MULU RATAMA APPI DUNNA...
DUPPATH AMMALA THATHTHALA DUK WINDINAWA...
AE AMMALA THATHTHALA GE WISRAMA WATUPA....
APPRIL MAASAYEDI KOTASAK GEWANNA.."
https://www.youtube.com/watch?v=mR2tKo21f2Q,@mikeh4713,"‡∂∏‡∑ô‡∂∫‡∑è ‡∂ö‡∑Ä‡∑î‡∂Ø?  ‡∂∏‡∑ô‡∂∫‡∑è‡∂Ø ‡∂Ö‡∂¥‡∑ö ‡∂¢‡∂±‡∑è‡∂∞‡∑í‡∂¥‡∂≠‡∑í?  ‡∂ë‡∑Ñ‡∑ô‡∂∏ ‡∂±‡∑ê‡∂≠‡∑ä‡∂±‡∂∏‡∑ä, ‡∂Ö‡∂±‡∑î‡∂ª‡∂ö‡∑î‡∂∏‡∑è‡∂ª‡∂ú‡∑ô ‡∂¥‡∑î‡∂ª‡∑ù‡∑Ñ‡∑í‡∂≠‡∂∫‡∂Ø?  ‡∂ö‡∑ú‡∑Ñ‡∑ô‡∂Ø‡∑ù ‡∂â‡∂±‡∑ä‡∂± ‡∑Ñ‡∑ê‡∂Ω‡∂¥‡∂∫‡∑ô‡∂ö‡∑ä ‡∂ú‡∑ô‡∂±‡∂≠‡∑ä ‡∂Ü‡∂´‡∑ä‡∂©‡∑î‡∑Ä ‡∂ú‡∑ê‡∂± ‡∂¥‡∑ä‚Äç‡∂ª‡∑Å‡∑ä‡∂´ ‡∑Ä‡∑í‡∂†‡∑è‡∂ª‡∂∫ ‡∂ö‡∂ª‡∂±‡∑ä‡∂± ‡∂±‡∑è‡∂Ω‡∑í‡∂ö‡∑è‡∑Ä ‡∂∏‡∂§‡∑ä‡∂§‡∂Ç‡∂Ø?"
https://www.youtube.com/watch?v=mR2tKo21f2Q,@danushkadishan6745,
https://www.youtube.com/watch?v=mR2tKo21f2Q,@maheshgunawardana9599,
https://www.youtube.com/watch?v=QQ7IymVHpBA,@sankadissanayaka8760,‡∂∏‡∑è‡∂ª‡∑î‡∑Ä‡∑ì‡∂∏‡∑ä ‡∂Ø‡∑î‡∂±‡∑ä‡∂±‡∂ß ‡∑Ä‡∑ê‡∂©‡∂ö‡∑ä ‡∂±‡∑ë ‡∂∏‡∑î‡∂Ç ‡∂î‡∂ö‡∑ä‡∂ö‡∑ú‡∂∏ ‡∂ë‡∂ö‡∂∫‡∑í. ‡∂∏‡∑î‡∂Ç ‡∂î‡∂ö‡∑ä‡∂ö‡∑ú‡∂∏ ‡∂∏‡∑è‡∂ª‡∑î ‡∂ö‡∂ª‡∂±‡∑ä‡∂± ‡∂ï‡∂±‡∑ö ‡∑Ä‡∑ê‡∂©‡∑í‡∑Ñ‡∑í‡∂ß‡∑í ‡∂±‡∑í‡∑Ä‡∑è‡∑É ‡∑Ä‡∂Ω‡∂ß 
https://www.youtube.com/watch?v=QQ7IymVHpBA,@bhanud9258,‡∂¥‡∑ú‡∂Ω‡∑í‡∑É‡∑í‡∂∫‡∂ß‡∂≠‡∑ä system change ‡∂ë‡∂ö‡∂ö‡∑ä ‡∂ï‡∂±‡∑ö. ‡∂∏‡∑ö‡∂ö ‡∂â‡∑É‡∑ö‡∂ª‡∂Ø‡∑ö‡∂ß ‡∂ö‡∑ú‡∂ß‡∑ä‡∂ß‡∑ö ‡∂∏‡∑è‡∂ª‡∑î ‡∂ö‡∂ª‡∂±‡∑Ä ‡∑Ä‡∂ú‡∑ö ‡∑Ä‡∑ê‡∂©‡∂ö‡∑ä.
https://www.youtube.com/watch?v=QQ7IymVHpBA,@amilasamarakoon4859,Mun okkoma paga maruwo
https://www.youtube.com/watch?v=lNHocuACHcw,@nirmalarathnayaka5752,‡∑Ñ‡∑è ‡∑Ñ‡∑è ‡∂∏‡∑î ‡∂±‡∑ö‡∂Ø ‡∂Ö‡∂ª ‡∂∏‡∑è‡∂Ø‡∑ä‡∂∞‡∑ä‚Äç‡∂∫  ‡∑Ä‡∑ê‡∂© ‡∑É‡∂ß‡∑Ñ‡∑è‡∂±‡∂ö‡∂Ø‡∑í ‡∑É‡∂ª‡∂∏ ‡∂ö‡∂©‡∂Ω‡∑è ‡∂ú‡∑ê‡∑Ñ‡∑î‡∑Ä‡∑ö ‡∂∏‡∑ö ‡∂¢‡∂© ‡∂≠‡∂ö‡∑ä‡∂ö‡∂©‡∑í‡∂±‡∑ä‡∂ß ‡∂∂‡∂Ω‡∂∫ ‡∂Ø‡∑ô‡∂±‡∑ä‡∂± ‡∂ë‡∂¥‡∑è ‡∂ö‡∂ª‡∑î‡∂±‡∑è‡∂ö‡∂ª‡∂Ω‡∑è
https://www.youtube.com/watch?v=lNHocuACHcw,@Backtrump,‡∂ö‡∑î‡∂©‡∑î ‡∂Ø‡∑í‡∂ú‡∑è 
https://www.youtube.com/watch?v=lNHocuACHcw,@sdayabaran,Don‚Äôt think twice just vote for NPP
https://www.youtube.com/watch?v=lNHocuACHcw,@nishanthajayalath1091,"Election thibbe nethi party wala indala, dan Rawattuwalu "
https://www.youtube.com/watch?v=lNHocuACHcw,@brexitisland39, ‡∂¥‡∑Ä‡∑ä ‡∂∂‡∂±‡∑ä
https://www.youtube.com/watch?v=lNHocuACHcw,@nishanthajayalath1091,Moda moosaayek
https://www.youtube.com/watch?v=lNHocuACHcw,@palithavithana1699,Mun patta horu. Janathawa nomaga arala vanjabuna aya. Mun sapa gaththa boru keyalama. Dan ewa ewari.
https://www.youtube.com/watch?v=lNHocuACHcw,@sankadissanayaka3920,‡∂ö‡∑î‡∂©‡∑î ‡∂Ø‡∑í‡∂ú‡∑è ‡∂ö‡∑í‡∑Ä‡∑ä‡∑Ä‡∑ö ‡∂∏‡∑ñ‡∂ß ‡∂±‡∑ö‡∂Ø
https://www.youtube.com/watch?v=lNHocuACHcw,@wxrcpn-uy6ox,"Dinanawa labba Digambaram uba, Kudda kyala banne ubema set eke ekek ne, wena mona kathada. Hora hatta pannala Jathi beda nathiwa Janathawa sadaha chandaya denna."
https://www.youtube.com/watch?v=lNHocuACHcw,@samanthaperera1368,
https://www.youtube.com/watch?v=H5AQNnZmKsY,@swetifernando1652,
https://www.youtube.com/watch?v=H5AQNnZmKsY,@udayangahewa5258,Only Sri lanka record 
https://www.youtube.com/watch?v=H5AQNnZmKsY,@palikiridena2796,how can you not show the race but just talk about it. the channel has plenty of money why not send a reporter to the venue
https://www.youtube.com/watch?v=H5AQNnZmKsY,@sumithjayathilaka6031,
https://www.youtube.com/watch?v=Lab0uRw35Bk&pp=0gcJCU8JAYcqIYzv,@CharithaSovis,‡∂ú‡∑í‡∂∫‡∂¥‡∑è‡∂ª ‡∂∏‡∑è‡∂Ω‡∑í‡∂∏‡∑è‡∑Ä‡∂ß 2/3 ‡∂∂‡∂Ω‡∂∫‡∂ö‡∑ä ‡∂Ö‡∂¥‡∑í ‡∂Ω‡∂∂‡∑è ‡∂Ø‡∑î‡∂±‡∑ä‡∂±‡∑è ‡∑Ä‡∂ú‡∑ö ‡∂∏‡∑ô‡∑Ä‡∂ª‡∂≠‡∑ä ‡∑É‡∑í‡∂∫‡∂Ω‡∑î‡∂∏ ‡∂¥‡∂Ω‡∑è‡∂≠‡∑ä ‡∑É‡∂∑‡∑è‡∑Ä‡∂Ω 5/6 ‡∂∂‡∂Ω‡∂∫ ‡∂∏‡∑è‡∂Ω‡∑í‡∂∏‡∑è‡∑Ä‡∂ß ‡∂Ω‡∂∂‡∑è ‡∂Ø‡∑ô‡∂∏‡∑î! üá±üá∞
https://www.youtube.com/watch?v=Lab0uRw35Bk&pp=0gcJCU8JAYcqIYzv,@BandaraSenarathna-mg6zu,‡∂ö‡∂ª‡∂¥‡∑î  ‡∑Ñ‡∑ê‡∂∏ ‡∂Ø‡∑ö‡∂∏ ‡∂ß‡∂∏  ‡∂¥‡∂ª‡∂± ‡∂¥‡∑Ä‡∑ä ‡∂ú‡∑ô‡∑Ä‡∂±‡∑ä‡∂± ‡∑Ä‡∑ô‡∂Ω‡∑è. NPP  ‡∂ª‡∂¢‡∂∫‡∂ß.
https://www.youtube.com/watch?v=Lab0uRw35Bk&pp=0gcJCU8JAYcqIYzv,@dinushanuwan2239,‡∂¢‡∂∫‡∑Ä‡∑ô‡∑í‡∑Ä‡∑è ‡∂∏‡∑è‡∂Ω‡∑í‡∂∏‡∑è‡∑Ä‡∂ß 
https://www.youtube.com/watch?v=Lab0uRw35Bk&pp=0gcJCU8JAYcqIYzv,@WimalaGoonaratne,"‡∂ª‡∂ß‡∑ö ‡∂¢‡∂±‡∂≠‡∑è‡∑Ä ‡∑Ä‡∑ô‡∂±‡∑î‡∑Ä‡∑ô‡∂±‡∑ä, ‡∂∏‡∑ö‡∑Ä‡∑è ‡∂ö‡∂ª‡∂¥‡∑î ‡∂Ö‡∂∫ ‡∂ú‡∑ô‡∂±‡∑Ä‡∑è ‡∂í ‡∂Ö‡∂∫‡∂ú‡∑ö ‡∑Ä‡∂ú‡∂ö‡∑ì‡∂∏
‡∂¥‡∑ê‡∑Ñ‡∑ê‡∂ª‡∑Ñ‡∑ê‡∂ª‡∑ì‡∂∏ ‡∑É‡∂∏‡∑ä‡∂∂‡∂±‡∑ä‡∂∞‡∂∫‡∑ô‡∂±‡∑ä ‡∂ö‡∂ß‡∂∫‡∑î‡∂≠‡∑î ‡∂ö‡∂ª‡∑ì‡∂∏ ‡∂Ö‡∑Ä‡∑Å‡∑ä‚Äç‡∂∫‡∂∫‡∑í."
https://www.youtube.com/watch?v=Lab0uRw35Bk&pp=0gcJCU8JAYcqIYzv,@rohankotelawala7080,"‡∂∏‡∑è‡∂Ω‡∑í‡∂∏‡∑è‡∑Ä‡∂ß ‡∂∏‡∑è‡∂Ω‡∑í‡∂∏‡∑è‡∑Ä‡∂ß ‡∂∏‡∑è‡∂Ω‡∑í‡∂∏‡∑è‡∑Ä‡∂ß ,Ô∏èÔ∏èÔ∏èÔ∏èÔ∏è"
https://www.youtube.com/watch?v=Lab0uRw35Bk&pp=0gcJCU8JAYcqIYzv,@tribelife7650,‡∑Å‡∑ä‚Äç‡∂ª‡∑ì ‡∂Ω‡∂Ç‡∂ö‡∑è‡∑Ä ‡∂∏‡∂© ‡∂ú‡∑ú‡∑Ñ‡∑ú‡∂ª‡∑î‡∑Ä‡∑ô‡∂±‡∑ä ‡∂á‡∂Ø‡∂ú‡∑ô‡∂± ‡∂ú‡∑í‡∂∫ ‡∂Ø‡∑ö‡∑Å‡∂¥‡∑è‡∂Ω‡∂±‡∂•‡∂∫‡∂±‡∑ä ‡∂±‡∑í‡∑Ñ‡∂¨‡∑Ä ‡∑É‡∑î‡∑Ä‡∂¥‡∑Ñ‡∑É‡∑î ‡∑Ä‡∑í‡∑Å‡∑ä‚Äç‡∂ª‡∑è‡∂∏ ‡∂¢‡∑ì‡∑Ä‡∑í‡∂≠‡∂∫‡∂ö‡∑ä ‡∂ú‡∂≠ ‡∂ö‡∂ª‡∂≠‡∑í.The politicians who dragged Sri Lanka through the mud are quietly enjoying a comfortable retirement.
https://www.youtube.com/watch?v=Lab0uRw35Bk&pp=0gcJCU8JAYcqIYzv,@gemunupriyantha,‡∂¥‡∂Ø‡∑î‡∂ö‡∂ª‡∂©‡∑î ‡∂ú‡∑Ñ‡∂ö‡∑ä ‡∂Ö‡∂Ω‡∑ä‡∂Ω‡∂ú‡∑ô‡∂± ‡∂¥‡∑è‡∂ª ‡∑Ñ‡∑ê‡∂Ø‡∑í‡∂Ω‡∑ä‡∂Ω ‡∂ö‡∂©‡∑è‡∂ö‡∂¥‡∑ä‡∂¥‡∂Ω‡∑ä ‡∂ö‡∂ª‡∂¥‡∑î ‡∂ë‡∑Ä‡∑î‡∂±‡∑ä‡∂ß‡∂∏ ‡∂ë‡∑ä‡∂ö‡∂ß ‡∑Ä‡∑í‡∂Ø‡∑Ä‡∂±‡∑ä‡∂± ‡∑Ä‡∑í‡∂∏ ‡∂Ø‡∑ô‡∑ô‡∑Ä‡∂∫‡∑ô‡∑ä ‡∑É‡∂ª‡∂Ø‡∂∏‡∂ö‡∑ä ‡∑Ä‡∂ú‡∑ô‡∑ä
https://www.youtube.com/watch?v=Lab0uRw35Bk&pp=0gcJCU8JAYcqIYzv,@DineshPrasanna-gs6il,
https://www.youtube.com/watch?v=Lab0uRw35Bk&pp=0gcJCU8JAYcqIYzv,@thusharabuddhika9564,npp
https://www.youtube.com/watch?v=Lab0uRw35Bk&pp=0gcJCU8JAYcqIYzv,@ChandaniWejsuriya,‡∂Ö‡∂¥‡∑ú‡∂∫‡∑í ...
https://www.youtube.com/watch?v=Lab0uRw35Bk&pp=0gcJCU8JAYcqIYzv,@DevikaFernando-vt6zo,Maalimaa.rajayata.jayawewaa.
https://www.youtube.com/watch?v=Lab0uRw35Bk&pp=0gcJCU8JAYcqIYzv,@nawathanpala1412,‡∂ª‡∂ß‡∂ß ‡∂ª‡∑è‡∂¢‡∑ä‚Äç‡∂∫ ‡∑É‡∑ö‡∑Ä‡∂∫‡∂ß ‡∂Ü‡∂Ø‡∂ª‡∑ä‡∑Å‡∂∫‡∂ö‡∑ä ‡∂Ø‡∑ô‡∂±‡∑ä‡∂ö ‡∂ö‡∑ë‡∂∏ ‡∂ë‡∂ö ‡∂±‡∑ê‡∂≠‡∑í‡∑Ä ‡∂Ø‡∑î‡∂∏‡∑ä‡∂ª‡∑í‡∂∫ ‡∂±‡∂≠‡∂ª‡∂ö‡∂ª‡∂¥‡∑î ‡∂ª‡∑í‡∂∫‡∂Ø‡∑î‡∂ª‡∑è‡∑Ä ‡∂ú‡∑ô‡∂Ø‡∂ª ‡∂∫‡∑Ä‡∂±‡∑ä‡∂±.
https://www.youtube.com/watch?v=Lab0uRw35Bk&pp=0gcJCU8JAYcqIYzv,@SanakaWikramanayaka,‡∂â‡∂≠‡∑í‡∂±‡∑ä ‡∂∏‡∂∞‡∑ä‚Äç‡∂∫‡∂∏ ‡∂Ö‡∂∞‡∑í‡∑Ä‡∑ö‡∂ú‡∑í ‡∂∏‡∑è‡∂ª‡∑ä‡∂ú‡∂∫ ‡∑Ñ‡∑ê‡∂Ø‡∑î‡∑Ä‡∂≠‡∑ä ‡∑Ä‡∑ê‡∂©‡∂ö‡∑ä ‡∂±‡∑ê‡∂±‡∑ö ‡∂ö‡∂©‡∑Ä‡∂≠ ‡∂∏‡∑í‡∂ª‡∑í‡∂ú‡∂∏ ‡∂ö‡∑ú‡∂ß‡∑É ‡∑Ñ‡∂Ø‡∂±‡∑ä‡∂±‡∑ö ‡∂±‡∑ê‡∂≠‡∑î‡∑Ä 
https://www.youtube.com/watch?v=Lab0uRw35Bk&pp=0gcJCU8JAYcqIYzv,@unlimitedceylon,‡∂≠‡∑ú‡∂¥‡∑í ‡∑Ñ‡∑è ‡∂Ø‡∑ö‡∑Ä‡∂±‡∑í ‡∂±‡∑ô ‡∂ï‡∂ö ‡∂±‡∑ê‡∂∂‡∑ê‡∂≠‡∑ä‡∂≠‡∑î‡∑Ä‡∑ô
https://www.youtube.com/watch?v=Lab0uRw35Bk&pp=0gcJCU8JAYcqIYzv,@lahirsam,‡∂ï‡∂ö ‡∂Ø‡∑ö‡∑Ä‡∑è‡∂±‡∑í‡∂ú‡∑ô‡∂±‡∑ä ‡∂Ö‡∂∫ ‡∂ö‡∂ª‡∂¥‡∂∏‡∑ä ‡∂ï‡∂ö‡∑í ‡∂≠‡∂∏‡∂∫‡∑í ‡∂ú‡∑Ñ‡∂ö‡∑ä ‡∂∂‡∂Ø‡∑è‡∂ú‡∑ô‡∂± ‡∂±‡∂ß‡∑î‡∑Ä‡∑ö
https://www.youtube.com/watch?v=Lab0uRw35Bk&pp=0gcJCU8JAYcqIYzv,@wajirasiri,‡∂∏‡∑ô‡∂∫‡∑ê‡∂∫‡∑í‡∂Ω‡∑è‡∂ú‡∑ö ‡∂Ö‡∂ª ‡∂ö‡∑ô‡∂±‡∑ô‡∂ö‡∑ä ‡∂ú‡∑Ñ‡∂ö‡∑ä ‡∂∂‡∂Ø‡∑è ‡∂ú‡∑ô‡∂± ‡∂á‡∂©‡∑î‡∑Ä‡∑ö ‡∂±‡∑ê‡∂≠‡∑ä‡∂≠‡∂Ç ‡∂∏‡∑ô‡∂Ω‡∑Ñ‡∂ö‡∂ß‡∂≠‡∑ä ‡∂¥‡∑è‡∂ª ‡∑Ñ‡∑ê‡∂Ø‡∑í‡∂Ω‡∑è!
https://www.youtube.com/watch?v=Lab0uRw35Bk&pp=0gcJCU8JAYcqIYzv,@maheshandarawewa7105,Always talking No Plan No work Always criticizing That's the only thing this government can do
https://www.youtube.com/watch?v=Lab0uRw35Bk&pp=0gcJCU8JAYcqIYzv,@SMGCHAD.,‡∂≠‡∑Ä ‡∂∂‡∂Ø‡∑î ‡∂ß‡∑í‡∂ö‡∂ö‡∑ä ‡∂ú‡∑ê‡∑Ñ‡∑ê‡∑Ä‡∑è ‡∂±‡∂∏‡∑ä ‡∑Ñ‡∂ª‡∑í ‡∂Ö‡∂¥‡∑í‡∂±‡∑ô ‡∂ï‡∂ö‡∂ß‡∂≠‡∑ä ‡∂ú‡∑ô‡∑Ä‡∂±‡∑ä‡∂± ‡∂ï‡∂±..
https://www.youtube.com/watch?v=Lab0uRw35Bk&pp=0gcJCU8JAYcqIYzv,@subashanarathnayake,‡∂ö‡∂ª‡∂Ø ‡∂ú‡∑Ñ ‡∂Ö‡∂Ω‡∑ä‡∂Ω‡∂ú‡∑ô‡∂± ‡∂Ø‡∑ê‡∂ú‡∂Ω‡∑Ä ‡∂ã‡∂±‡∑ä‡∂∏ ‡∂∂‡∂∫‡∑í‡∂Ω ‡∂ú‡∑Ñ‡∂±‡∑Ä‡∑è
https://www.youtube.com/watch?v=Lab0uRw35Bk&pp=0gcJCU8JAYcqIYzv,@nevilsamarathunga3491,
https://www.youtube.com/watch?v=Lab0uRw35Bk&pp=0gcJCU8JAYcqIYzv,@mentrocareservices4403,"‡∂â‡∂≠‡∑í‡∂±‡∑ä ‡∂∂‡∂Ç ‡∂ã‡∂∂‡∂Ω‡∑è ‡∑Ñ‡∑í‡∂±‡∑ä‡∂Ø ‡∂≠‡∂∏‡∂∫‡∑í ‡∂î‡∑Ä‡∑ä‡∑Ä ‡∂¥‡∑ä‚Äç‡∂ª‡∂∏‡∑è‡∂Ø,‡∂ã‡∂±‡∑ö"
https://www.youtube.com/watch?v=Lab0uRw35Bk&pp=0gcJCU8JAYcqIYzv,@sudusinghemm,‡∑Ñ‡∑ê‡∂∏ ‡∂¥‡∑ä‚Äç‡∂ª‡∑Å‡∑ä‡∂±‡∑ô‡∂ß ‡∑Ñ‡∑ö‡∂≠‡∑î ‡∂±‡∂∏‡∑ä ‡∂≠‡∑í‡∂∫‡∑ô‡∂±‡∑Ä‡∑è. ‡∂ã‡∂≠‡∑ä‡∂≠‡∂ª ‡∂≠‡∂∏‡∑è ‡∂±‡∑ê‡∂≠‡∑ä‡∂≠‡∑ö
https://www.youtube.com/watch?v=Lab0uRw35Bk&pp=0gcJCU8JAYcqIYzv,@gemunupriyantha,‡∂ö‡∑Ä‡∑î‡∂Ø ‡∂∏‡∑ô‡∑í‡∂ö‡∂ß ‡∂∂‡∂ö‡∂ß‡∑í ‡∂Ö‡∑ê‡∂Ø‡∂Ω‡∑è ‡∂±‡∑ê‡∑Ä‡∑ê‡∂≠‡∑ä‡∑Ä‡∑î‡∑Ä‡∑ô‡∑í
https://www.youtube.com/watch?v=Lab0uRw35Bk&pp=0gcJCU8JAYcqIYzv,@nayanajithpemasiri9481,Akd anduwen neda oka nawatthanna kiwe.. Wagaiwa yutthe obalama nowe da... Boru natya raguwta
https://www.youtube.com/watch?v=Lab0uRw35Bk&pp=0gcJCU8JAYcqIYzv,@prasaddesilva1872,‡∂â‡∂ö‡∑í‡∂Ç ‡∑Ñ‡∑î‡∂≠‡∑ä‡∂≠‡∑ù ‡∑Ñ‡∂Ø‡∂¥‡∂Ç.....‡∂ö‡∑ô‡∂Ø‡∑í‡∂ª‡∑í ‡∂±‡∑ú‡∂ú‡∑è.....‡∂ú‡∂±‡∑ä‡∂±‡∂ö‡∂Ç ‡∂¥‡∂∏‡∑ä‡∂¥‡∑ú‡∂ª‡∑í‡∂∫ ‡∂Ø‡∑ê‡∂Ç ‡∂ë‡∂ö ‡∂ë‡∂ö‡∑è‡∂ß ‡∂∂‡∑ê‡∂´ ‡∂∂‡∑ê‡∂´ ‡∂á‡∑Ä‡∑í‡∂Ø‡∑í‡∂±‡∑Ä‡∑è ‡∂Ø‡∂∫‡∑è‡∑Ä‡∂≠‡∑ì ‡∑Ä‡∂ú‡∑ö.....
https://www.youtube.com/watch?v=Lab0uRw35Bk&pp=0gcJCU8JAYcqIYzv,@sampathhettiarachchi6748,‡∂ï‡∂ö‡∂ß ‡∂∂‡∑ú‡∂ª‡∑î ‡∂¥‡∂¨‡∑î‡∂ö‡∂ª‡∂≥ ‡∂Ø‡∑ö‡∑Ä‡∑è‡∂±‡∑ì ‡∂ö‡∑ú‡∂ß‡∑É ‡∂ö‡∑í‡∂∫‡∂Ω‡∑è ‡∂±‡∂∏‡∑ä ‡∂ö‡∂ª‡∂±‡∑ä‡∂± ‡∂∂‡∑ê‡∂ª‡∑í‡∂Ø?
https://www.youtube.com/watch?v=Lab0uRw35Bk&pp=0gcJCU8JAYcqIYzv,@sampathhettiarachchi6748,‡∂∏‡∂≠‡∂ö‡∂Ø ‡∑Ä‡∑ê‡∂Ø‡∑ä‡∂Ø‡∑ù ‡∑Ä‡∂ú‡∑ö ‡∂á‡∂≥‡∂ú‡∑ô‡∂± ‡∂ö‡∑ú‡∂Ω‡∂π ‡∂Ü‡∂¥‡∑î ‡∑Ñ‡∑ê‡∂ß‡∑í ‡∑É‡∑Ñ‡∑ù‡∂Ø‡∂ª‡∑Ä‡∂ª‡∑î . ‡∂Ø‡∑ö‡∑Ä‡∑è‡∂±‡∑í‡∑Ä ‡∑Ä‡∂±‡∑ä‡∂Ø‡∂±‡∑è ‡∂ö‡∂ª‡∂¥‡∑î ‡∑Ñ‡∑ê‡∂ß‡∑í. ‡∂Ø‡∑ê‡∂±‡∑ä ‡∂¥‡∂¨‡∑î‡∂ö‡∂ª‡∂≥ ‡∂¥‡∑ê‡∂Ω‡∂∫‡∂ö‡∑ä ‡∑Ñ‡∑í‡∂ß‡∑Ä‡∂±‡∑ä‡∂± ‡∂ú‡∑ô‡∂±‡∑í‡∂∫‡∂±‡∑ä‡∂± ‡∂ë‡∂±‡∑ä‡∂± ‡∂ö‡∑í‡∑Ä‡∑ä‡∑Ä‡∑è‡∂∏ ‡∂Ø‡∑ö‡∑Ä‡∑è‡∂±‡∑í ‡∂ã‡∂Ø‡∑ä‡∂∑‡∑í‡∂≠ ‡∂ã‡∂Ø‡∑ä‚Äç‡∂∫‡∑è‡∂±‡∂∫ ‡∂ß ‡∂ë‡∂±‡∑ä‡∂±‡∑ô‡∂≠‡∑ä ‡∂±‡∑ë
https://www.youtube.com/watch?v=Lab0uRw35Bk&pp=0gcJCU8JAYcqIYzv,@Isharamadushanka-gf2xn,‡∂ª‡∑è‡∂¢‡∂¥‡∂ö‡∑ä‡∑Ç ‡∑É‡∑è‡∂¥‡∂∫ ‡∂≠‡∂∏‡∂∫‡∑í ‡∂ª‡∂ß ‡∂∂‡∂Ç‡∂ö‡∑ú‡∂Ω‡∑ú‡∂≠‡∑ä ‡∂ö‡∂Ω‡∑ö
https://www.youtube.com/watch?v=Lab0uRw35Bk&pp=0gcJCU8JAYcqIYzv,@krishanmalinda6850,‡∂∏‡∑î‡∂±‡∑ä‡∂ú‡∑ô ‡∂ö‡∂∫‡∑í‡∂∫‡∂∫‡∑í ‡∂¥‡∂© ‡∂ú‡∂Ø‡∂∫‡∑í ‡∑Ä‡∑í‡∂≠‡∂ª‡∂∫‡∑í ‡∂∏‡∑Ñ‡∑í‡∂±‡∑ä‡∂Ø ‡∂∏‡∑Ñ‡∂≠‡∑ä‡∂≠‡∂∫‡∑è 2015 ‡∂¥‡∑ê‡∂ª‡∂Ø‡∑î‡∂±‡∂≠‡∑ä ‡∑Ñ‡∂ª‡∑í ‡∂∏‡∑ô‡∑ä ‡∂Ö‡∑Ä‡∑î‡∂ª‡∑ê‡∂Ø‡∑î 10‡∂ß‡∂∏ ‡∂∏‡∑î‡∂±‡∑ä‡∂ß ‡∂ë‡∂ö ‡∑Ñ‡∂∫‡∑í‡∑Ä‡∑ô‡∑ä ‡∂ë‡∂ö‡∂ö‡∑ä ‡∑Ñ‡∂Ø‡∂Ω‡∑è ‡∂â‡∑Ä‡∂ª ‡∂ö‡∂ª‡∂ú‡∂±‡∑ä‡∂± ‡∂∂‡∑ê‡∂ª‡∑í ‡∑Ä‡∑î‡∂±‡∑è
https://www.youtube.com/watch?v=Lab0uRw35Bk&pp=0gcJCU8JAYcqIYzv,@rpsruwanpathirana852,"‡∂¥‡∂©‡∑î ‡∂ö‡∂ª‡∂Ø ‡∂ú‡∑Ñ ‡∂ö‡∑è‡∂ß ‡∑Ñ‡∂ª‡∑í ‡∂∏‡∂≠‡∂ö‡∂Ø, ‡∂î‡∂∫ ‡∂∏‡∑î‡∂Ø‡∂Ω ‡∂Ø‡∑ö‡∑Ä‡∑è‡∂±‡∑í‡∂ú‡∑ô‡∂±‡∑ä ‡∂±‡∑ô‡∑Ä‡∑ô‡∂∫‡∑í‡∂Ø ‡∂Ö‡∂∫ ‡∂ö‡∂ª ‡∂ú‡∂±‡∑ä‡∂± ‡∂ï‡∂±"
https://www.youtube.com/watch?v=Lab0uRw35Bk&pp=0gcJCU8JAYcqIYzv,@malakagunasekara5992,"Paw  Pandukarada gaha, nedda den,....eke, loss eka keeyada,...?"
https://www.youtube.com/watch?v=Lab0uRw35Bk&pp=0gcJCU8JAYcqIYzv,@ameerdeenaufarfrahan1158,I think Access engineering is a Sri Lankan company they can do the job
https://www.youtube.com/watch?v=Lab0uRw35Bk&pp=0gcJCU8JAYcqIYzv,@PrasannaRodrigo-n2m,Sajee mallige anduwe weda
https://www.youtube.com/watch?v=Lab0uRw35Bk&pp=0gcJCU8JAYcqIYzv,@Ruwan-b5g,Araya memai kalin anduwe wad memai apit gewanna wela ky ky media walat vouce cuts deela wadak nane.balet enna klin file tynwa horakn tynwa ky ky hena talks dunne mema ewa wela tynwa kyl danagenane.awit dana masa 5 kt kittui neh.kiyaw kiyw inne natiwa wada ptn gnn oni.e kaletat ithn oya kyn wdht poli gewalane atte..
https://www.youtube.com/watch?v=Lab0uRw35Bk&pp=0gcJCU8JAYcqIYzv,@emperorshey8686,2015 indn owa kre nh ne
https://www.youtube.com/watch?v=Lab0uRw35Bk&pp=0gcJCU8JAYcqIYzv,@chamithravindra7940,Lankawe companies ithuru tika karanawanam oya tikath karanna berikamak nene
https://www.youtube.com/watch?v=Lab0uRw35Bk&pp=0gcJCU8JAYcqIYzv,@DilangaKariyawasam,‡∂∏‡∑è‡∂Ω‡∑í‡∂∏‡∑è ‡∑É‡∑ô‡∂ß‡∑ä ‡∂ë‡∂ö‡∂≠‡∑ä ‡∂¢‡∂±‡∑ä‡∂Ø‡∑ô ‡∂Ω‡∂Ç‡∑Ä‡∑ô‡∂± ‡∂ö‡∑ú‡∂ß ‡∑Ñ‡∑ê‡∂∏‡∂Ø‡∑è‡∂∏ ‡∂∏‡∑ö ‡∂ö‡∂©‡∑Ä‡∂≠ ‡∂∏‡∑í‡∂ª‡∑í‡∂ú‡∂∏ ‡∂∏‡∑è‡∂ª‡∑ä‡∂ú‡∂∫ ‡∑Ñ‡∂Ø‡∂±‡∑ä‡∂± ‡∂∫‡∂±‡∑Ä‡∑è ‡∑Ñ‡∑ê‡∂∂‡∑ê‡∂∫‡∑í ‡∂¢‡∂±‡∑ä‡∂Ø‡∑ô ‡∂â‡∑Ä‡∂ª ‡∂ã‡∂±‡∑è‡∂∏ ‡∑Ñ‡∑è ‡∑Ñ‡∑î‡∑Ä‡∂ö‡∑ä ‡∂±‡∑ê 
https://www.youtube.com/watch?v=Lab0uRw35Bk&pp=0gcJCU8JAYcqIYzv,@tharakatimes,‡∂Ø‡∑ö‡∑Ä‡∑è‡∂±‡∑í ‡∂ã‡∂≠‡∑ä‡∂≠‡∑í‡∂ß ‡∑Ñ‡∑ô‡∂± ‡∂ú‡∑Ñ‡∂±‡∑ä‡∂± ‡∂ï‡∂±‡∑ô ‡∂Ö‡∂ª ‡∂ú‡∑Ñ‡∂ö‡∑ä ‡∂Ö‡∂Ω‡∑ä‡∂Ω‡∂±‡∑ä ‡∑Ä‡∑ê‡∂Ω‡∂¥‡∑î‡∂± ‡∂ë‡∂ö‡∂ß... ‡∂í‡∂ö‡∂≠‡∑ä ‡∂∏‡∑ö ‡∂¢‡∑ô‡∂¥‡∑ä‡∂¥‡∑ú‡∂±‡∑ä‡∂ú‡∑ô‡∂∏ ‡∂∫‡∂ß‡∑í ‡∂ö‡∑ñ‡∂ß‡∑ä‡∂ß‡∑î ‡∑Ä‡∑ê‡∂©‡∂ö‡∑ä ‡∑Ä‡∑ô‡∂±‡∑ä‡∂± ‡∂á‡∂≠‡∑í
https://www.youtube.com/watch?v=Lab0uRw35Bk&pp=0gcJCU8JAYcqIYzv,@ku1301,kiya kiya idapalla..etakota hariyai
https://www.youtube.com/watch?v=Lab0uRw35Bk&pp=0gcJCU8JAYcqIYzv,@GeeAnanthaya,‡∂ö‡∂ß‡∑í‡∂±‡∑ä ‡∑Ä‡∑í‡∂≠‡∂ª‡∂ö‡∑ä ‡∂ª‡∂ß ‡∑Ñ‡∂Ø‡∂± ‡∂Ü‡∂´‡∑ä‡∂©‡∑î‡∑Ä
https://www.youtube.com/watch?v=Lab0uRw35Bk&pp=0gcJCU8JAYcqIYzv,@DineshDuminda-h5d,Iyalatadan oka karanna baida
https://www.youtube.com/watch?v=Lab0uRw35Bk&pp=0gcJCU8JAYcqIYzv,@UpulKumarasinghe-j9g,Jeppo Padukarada Gahak Essarahata Dala  Oyawede Nathara Nokala Nam Bimalta Ada Oya Prkashaya Karanna Wenne Nehe Okata Thamai Kiyanne Thaman Wapurapude Aswenna Widiyata Nelanawa Kiyala......
https://www.youtube.com/watch?v=Lab0uRw35Bk&pp=0gcJCU8JAYcqIYzv,@musirasa4277,kiya kiya idapalla baila boru kiyala vote eka gaththa ape dan private apita puke ariya ubalath
https://www.youtube.com/watch?v=Cpqq-Dxc15o&pp=0gcJCU8JAYcqIYzv,@dahamiwickramarathna1801,"‡∂∏‡∑ô‡∂≠‡∑î‡∂∏‡∑è‡∂ú‡∑ö ‡∂ö‡∂≠‡∑è‡∑Ä ‡∂Ö‡∑Ñ‡∂±‡∂ö‡∑ú‡∂ß ‡∂∏‡∂∏ ‡∂ä‡∂∫‡∑ô ‡∂ª‡∑ë ‡∂Ø‡∑ê‡∂ö‡∑ä‡∂ö ‡∑Ñ‡∑ì‡∂±‡∑ô ‡∂∏‡∂≠‡∂ö‡∑ä ‡∑Ä‡∑î‡∂´‡∑è.‡∂∏‡∂ú‡∑ö ‡∑Ñ‡∑ì‡∂±‡∑ô ‡∂ö‡∑è‡∂ß‡∑Ä‡∑ä‡∂≠ ‡∑Ä‡∑ê‡∂Ø‡∂ú‡∂≠‡∑ä ‡∂±‡∑ú‡∑Ä‡∑ô‡∂±‡∑ä‡∂± ‡∂¥‡∑î‡∑Ö‡∑î‡∑Ä‡∂±‡∑ä ‡∑Ä‡∑î‡∂´‡∂≠‡∑ä ‡∂í‡∂ö ‡∂ö‡∑í‡∑Ä‡∑ä‡∑Ä‡∑ú‡∂≠‡∑ä ‡∑Ñ‡∑ú‡∂≥‡∂∫‡∑í ‡∂ö‡∑í‡∂∫‡∂Ω ‡∂∏‡∂ß ‡∑Ñ‡∑í‡∂≠‡∑î‡∂±.‡∂ë‡∂ö ‡∂ª‡∑è‡∂¢‡∑ä‚Äç‡∂∫‡∂∫‡∂ö  ‡∂Ö‡∑Ö‡∑î‡∂≠‡∑ô‡∂±‡∑ä ‡∂ª‡∑è‡∂¢‡∑ä‚Äç‡∂∫ ‡∑É‡∂∑‡∑è‡∑Ä‡∂ö‡∑ä ‡∂¥‡∑í‡∑Ñ‡∑í‡∂ß‡∑î‡∑Ä‡∂Ω.‡∂í ‡∂ª‡∂ß‡∑ö ‡∂¢‡∑ì‡∑Ä‡∂≠‡∑ä‡∑Ä‡∑ô‡∂±‡∑ä‡∂± ‡∂∏‡∂ß ‡∑É‡∑í‡∂Ø‡∑ä‡∂∞ ‡∑Ä‡∑î‡∂´‡∑è.‡∂î‡∂±‡∑ä‡∂± ‡∂¥‡∂ª‡∂´ ‡∂Ø‡∑ñ‡∑Ç‡∑í‡∂≠ ‡∑Ñ‡∑ú‡∂ª‡∑î ‡∑Ä‡∂Ç‡∂†‡∂±‡∑í‡∂ö‡∂∫‡∑ú ‡∂ë‡∑Ö‡∑Ä‡∂Ω ‡∂Ø‡∑è‡∂Ω ‡∂Ö‡∂Ω‡∑î‡∂≠‡∑ä ‡∂ª‡∂¢‡∂≠‡∑î‡∂∏‡∑è‡∂ú‡∑ô ‡∑Ä‡∂†‡∂± ‡∑Ä‡∑í‡∑Å‡∑ä‡∑Ä‡∑è‡∑É ‡∂ö‡∂ª‡∂Ω ‡∂ë‡∂≠‡∑î‡∂∏‡∑è‡∑Ä ‡∂ª‡∂¢ ‡∂∂‡∑Ä‡∂ß ‡∂¥‡∂≠‡∑ä ‡∂ö‡∑ô‡∂ª‡∑î‡∑Ä.‡∂í ‡∑Ä‡∑í‡∂≠‡∂ª‡∂ö‡∑ä ‡∂±‡∑ô‡∑Ä‡∑ô‡∂∫‡∑í ‡∂Ö‡∂Ω‡∑î‡∂≠‡∑ä ‡∂∏‡∑Ñ‡∑è ‡∂∂‡∂Ω‡∑É‡∂∏‡∑ä‡∂¥‡∂±‡∑ä‡∂± ‡∂ª‡∑è‡∂¢‡∑É‡∑ä‡∂∑‡∑è‡∑Ä‡∂ö‡∑î‡∂≠‡∑ä ‡∂¢‡∂±‡∂≠‡∑è‡∑Ä ‡∂¥‡∂≠‡∑ä‡∂ö‡∂ª‡∂Ω ‡∂Ø‡∑î‡∂±‡∑ä‡∂±.‡∂í‡∑Ä‡∑î‡∂´‡∑è‡∂ß ‡∂ª‡∂¢‡∂≠‡∑î‡∂∏‡∑è ‡∂á‡∂≠‡∑î‡∑Ö‡∑î ‡∂ª‡∑è‡∂¢ ‡∑É‡∂∑‡∑è‡∑Ä‡∂ß ‡∂ª‡∂ß‡∑ö ‡∂¥‡∑è‡∂Ω‡∂±‡∂∫ ‡∂Ω‡∑ö‡∑É‡∑í‡∑Ä‡∑î‡∂±‡∑ö ‡∂±‡∑ë.‡∑É‡∑ä‡∑Ä‡∂∑‡∑è‡∑Ä‡∑í‡∂ö ‡∂Ö‡∂±‡∂≠‡∑î‡∂ª‡∑î ‡∑Ä‡∂ú‡∑ö‡∂∏ ‡∂¥‡∂ª‡∂´ ‡∑Ñ‡∑ú‡∂Ω‡∑ä‡∂∏‡∂±‡∑ä ‡∂∑‡∑ñ‡∂≠ ‡∂∂‡∂Ω‡∑ä‡∑Ä‡∑ö‡∂ú ‡∑Ä‡∂Ω ‡∂ö‡∑ô‡∂ª‡∑î‡∑Ä‡∑è‡∑Ä‡∂±‡∑ä‡∂ß‡∂≠‡∑ä ‡∂∏‡∑ñ‡∂´ ‡∂Ø‡∑ô‡∂±‡∑ä‡∂± ‡∂í ‡∂ª‡∂ß‡∑ö ‡∂ö‡∑è‡∂ß‡∂≠‡∑ä ‡∑É‡∑í‡∂Ø‡∑ä‡∂∞ ‡∑Ä‡∑î‡∂´‡∑è.‡∂∏‡∑è‡∂≠‡∑ä ‡∂í ‡∂ª‡∂ß‡∑ö ‡∑Ä‡∑ê‡∑É‡∑í‡∂∫‡∑ô‡∂ö‡∑ä‡∂±‡∑ô.‡∂â‡∂≠‡∑í‡∂±‡∑ä ‡∂ª‡∂ß‡∑ö ‡∂∏‡∑í‡∂±‡∑í‡∑É‡∑ä‡∑É‡∑î ‡∑Ä‡∑ê‡∂©‡∑í‡∂∫‡∑ô‡∂±‡∑ä‡∂∏ ‡∂ö‡∂Ω‡∑ä‡∂¥‡∂±‡∑è ‡∂ö‡∑ô‡∂ª‡∑î‡∑Ä‡∑ô ‡∂ª‡∂ß‡∑ö ‡∂±‡∑ì‡∂≠‡∑í‡∂∫‡∑ö ,‡∂∫‡∑î‡∂ö‡∑ä‡∂≠‡∑í‡∂∫‡∑ö ‡∂Ü‡∂∞‡∑í‡∂¥‡∂≠‡∑ä‚Äç‡∂∫‡∂∫ ‡∂ú‡∑ê‡∂±. ‡∂∏‡∑ú‡∂ö‡∂Ø ‡∂ª‡∂ß‡∂ö‡∑ä ‡∂Ø‡∑í‡∂∫‡∑î‡∂´‡∑î ‡∂ö‡∂ª‡∂±‡∑ä‡∂± ‡∂ï‡∂±‡∂ö‡∂ª‡∂± ‡∂∏‡∑ñ‡∂Ω‡∑í‡∂ö ‡∂Ö‡∂Ç‡∂ú‡∑ô ‡∂í‡∂ö‡∂∫‡∑í ‡∂ö‡∑í‡∂∫‡∂Ω‡∂∫‡∑í ‡∂∏‡∑ö ‡∑Ñ‡∑ì‡∂±‡∑ô‡∂±‡∑ä ‡∂Ø‡∑ê‡∂ö‡∑ä‡∂ö ‡∂ª‡∑è‡∂¢‡∂∫‡∂∫‡∑ô ‡∂∏‡∑í‡∂±‡∑í‡∑É‡∑ä‡∑É‡∑î ‡∂ö‡∂Ω‡∑ä‡∂¥‡∂±‡∑è ‡∂ö‡∑ô‡∂ª‡∑î‡∑Ä‡∑ô.‡∂â‡∂≠‡∑è ‡∂â‡∂ö‡∑ä‡∂∏‡∂±‡∂ß‡∂∏ ‡∂±‡∑ì‡∂≠‡∑í‡∂∫‡∑ö ‡∂∫‡∑î‡∂ö‡∑ä‡∂≠‡∑í‡∂∫‡∑ö ‡∂Ü‡∂∞‡∑í‡∂¥‡∂≠‡∑ä‚Äç‡∂∫‡∂∫ ‡∂ª‡∂ß‡∑ö ‡∂∂‡∑í‡∑Ñ‡∑í‡∑Ä‡∑ö‡∑Ä‡∑í ‡∂ö‡∑í‡∂∫‡∂Ω‡∂∫‡∑í.‡∂∏‡∑ú‡∂±! .‡∂ª‡∂ß‡∑ö ‡∂∏‡∑í‡∂±‡∑í‡∑É‡∑ä‡∑É‡∑î ( ‡∂í ‡∂ª‡∂ß‡∑ö ‡∂∏‡∑í‡∂±‡∑í‡∑É‡∑ä‡∑É‡∑î)‡∑Ñ‡∑ê‡∂∏ ‡∂≠‡∑í‡∑É‡∑ä‡∑É‡∑ô‡∂∏ ‡∂Ö‡∂¥‡∑ö ‡∂ª‡∂ß‡∑ö ‡∑Ä‡∂ú‡∑ö‡∂∏  ‡∑Ñ‡∑ê‡∂∂‡∑ê‡∂∫‡∑í ‡∂Ö‡∂∞‡∑í‡∂ö‡∂ª‡∂´‡∂∫ ‡∑Ä‡∑í‡∑Å‡∑ä‡∑Ä‡∑è‡∑É ‡∂ö‡∂Ω‡∑è.‡∂≠‡∂∏‡∂±‡∑ä ‡∂ö‡∂ª‡∂¥‡∑î ‡∂Ö‡∂¥‡∂ª‡∑è‡∂∞‡∂∫‡∂ö‡∂ß ‡∂Ø‡∂™‡∑î‡∑Ä‡∂∏‡∑ä ‡∂Ω‡∑ê‡∂∂‡∑î‡∂´‡∑ú‡∂≠‡∑ä ‡∂í‡∂ö‡∂ß ‡∂∫‡∂ß‡∂≠‡∑ä ‡∑Ä‡∑î‡∂´‡∑è.‡∂ª‡∂ß‡∑ö ‡∑É‡∑è‡∂∏‡∑è‡∂±‡∑ä‚Äç‡∂∫ ‡∂¢‡∂±‡∂≠‡∑è‡∑Ä.‡∑Ñ‡∑ê‡∂∂‡∑ê‡∂∫‡∑í ‡∂∏‡∂Ç ‡∂Ø‡∑ê‡∂ö‡∑ä‡∂ö ‡∑Ñ‡∑ì‡∂± ‡∂ª‡∑è‡∂¢‡∑ä‚Äç‡∂∫‡∂∫‡∑ô  ‡∂±‡∑ì‡∂≠‡∑í‡∂∫ ‡∑É‡∂∏‡∑ä‡∂∂‡∂±‡∑ä‡∂∞ ‡∂≠‡∂±‡∂≠‡∑î‡∂ª‡∂ß ‡∂¥‡∂≠‡∑ä‡∑Ä‡∑î‡∂´‡∑ö ‡∂ö‡∑Ä‡∑î‡∂ª‡∑î ‡∑Ñ‡∂ª‡∑í ‡∂ú‡∂Ω‡∂ö‡∑í‡∂±‡∑ä ‡∑Ñ‡∂ª‡∑í ‡∂ö‡∂± ‡∂∂‡∑ú‡∂± ‡∂Ø‡∑ô‡∂∫‡∂ö‡∑í‡∂±‡∑ä ‡∑Ñ‡∂ª‡∑í ‡∂Ø‡∂∏‡∂Ω ‡∂ú‡∑ê‡∑Ñ‡∑î‡∑Ä‡∑ú‡∂≠‡∑ä ‡∂Ø‡∂≠‡∑ä ‡∑Ä‡∑í‡∂Ω‡∑í‡∑É‡∑ä‡∑É‡∂ú‡∑ô‡∂± ‡∂¥‡∂±‡∑í‡∂± ‡∂ª‡∑í‡∂Ω‡∑Ä‡∑ä ‡∂ö‡∑ì‡∂¥ ‡∂Ø‡∑ô‡∂±‡∂ö‡∑ä.‡∂í ‡∑É‡∂∏‡∑ä‡∂∂‡∂±‡∑ä‡∂∞ ( ‡∂Ö‡∂∞‡∑í‡∂ö‡∂ª‡∂´‡∂∫‡∂ß ‡∂â‡∑Ñ‡∑Ö‡∑í‡∂±‡∑ä) ‡∂ö‡∑í‡∑É‡∑í‡∂∏ ‡∂Ü‡∂∫‡∂≠‡∂≠‡∂±‡∂∫‡∂ö ‡∂∏‡∑ú‡∂±‡∑Ä‡∂Ø ‡∑Ä‡∑ô‡∂±‡∑ä‡∂±‡∑ô ‡∂ö‡∑í‡∂∫‡∂Ω ‡∂∏‡∑ö ‡∂ª‡∑í‡∂Ω‡∑Ä‡∑ä ‡∂ª‡∂Ç‡∂†‡∑î‡∑Ä ‡∑Ñ‡∑ú‡∂∫‡∂Ω ‡∂∂‡∑ê‡∂Ω‡∑î‡∑Ä‡∑ô ‡∂±‡∑ë  (‡∑É‡∂∏‡∑è‡∑Ä‡∑ô‡∂±‡∑ä‡∂± ‡∂ï‡∂± ‡∂ë‡∂ö ‡∂á‡∂∏‡∂≠‡∑í‡∂∫‡∑ô‡∂ö‡∑ä‡∂ú‡∑ô ‡∑Ä‡∑è‡∑Ñ‡∂±‡∂∫‡∑ä ‡∑Ä‡∑ô‡∂Ω‡∑è ‡∂≠‡∑í‡∂∂‡∑ä‡∂∂‡∑ô ‡∂±‡∑è‡∑Ñ‡∑ô‡∂ß ‡∂Ö‡∑Ñ‡∂±‡∑ä‡∂±‡∑ô ‡∂±‡∑ê‡∂≠‡∑í ‡∂∂‡∑ñ‡∂ª‡∑î‡∑Ä‡∑ô‡∂ö‡∑ä.‡∂Ø‡∑Ä‡∑É‡∂ö‡∑ä ‡∂í ‡∂á‡∂∏‡∂≠‡∑í‡∂≠‡∑í‡∂≠‡∑î‡∂∏‡∑è ‡∂∏‡∑ö ‡∂∂‡∑ñ‡∂ª‡∑î‡∑Ä‡∂ß ‡∂∂‡∑ê‡∂±‡∑ä‡∂±‡∂≠‡∑ä ‡∂ë‡∂ö‡∑ä‡∂ö. ) .‡∂î‡∑Ñ‡∑ö ‡∑Ä‡∑ì‡∑É‡∑í‡∂ö‡∂ª‡∂± ‡∂¥‡∑Ö‡∂≠‡∑î‡∂ª‡∑î ‡∂∂‡∑Ä‡∂∂‡∑ù‡∂ú ‡∂ö‡∂ö‡∑è ‡∑Ñ‡∑í‡∂ß‡∑í‡∂∫.‡∂Ö‡∂¥‡∑í‡∂ß ‡∂î‡∂∫ ‡∂ö‡∑í‡∑É‡∑í‡∂Ø‡∑ô‡∂∫‡∂ö‡∑ä ‡∑Ä‡∑ê‡∂©‡∂ö‡∑ä ‡∂±‡∑ë.‡∂í ‡∂Ü‡∂∫‡∂≠‡∂± ‡∑Ä‡∂Ω ‡∑É‡∂ª‡∑ä.‡∂Ω ‡∂∏‡∑ê‡∂©‡∂∏‡∑ä ‡∂Ω ‡∂¥‡∂ª‡∂´ ‡∂Ø‡∑ñ‡∑Ç‡∑í‡∂≠‡∂∫‡∑ú ‡∂¥‡∂≠‡∑ä ‡∂ö‡∑ú‡∂ª‡∑è‡∂¥‡∑î ‡∂ë‡∑Ä‡∑ä‡∑Ä‡∑ú ‡∑Ä‡∑î‡∂´‡∂≠‡∑ä ,‡∂Ø‡∑ê‡∂±‡∑ä ‡∂¥‡∑Ñ‡∂Ω ‡∑Ä‡∑ô‡∂Ω‡∑è ‡∂≠‡∑í‡∂∫‡∑ô‡∂±‡∑ä‡∂±‡∑ô ‡∑Å‡∑ù‡∂ö‡∑ä ‡∂Ü‡∂´‡∑ä‡∂©‡∑î‡∑Ä‡∂ö‡∑ä‡∂±‡∑ô.‡∂í ‡∂ú‡∑ú‡∂Ω‡∑ä‡∂Ω ‡∑Ñ‡∑ú‡∂≥ ‡∂∏‡∑í‡∂±‡∑í‡∑É‡∑ä‡∑É‡∑î ‡∑Ä‡∑ô‡∂Ω‡∑è ‡∂±‡∑ì‡∂≠‡∑í‡∂∫‡∑ô ‡∂∫‡∑î‡∂ö‡∑ä‡∂≠‡∑í‡∂∫‡∑ô ‡∂Ü‡∂∞‡∑í‡∂¥‡∂≠‡∑ä‚Äç‡∂∫‡∑è‡∂∫ ‡∂¥‡∑í‡∑Ñ‡∑í‡∂ß‡∑í‡∑Ä‡∂∫‡∑í‡∂±‡∑ô ‡∂ö‡∑í‡∂∫‡∂Ω ‡∂∂‡∂Ω‡∂Ç ‡∑Ñ‡∑í‡∂ß‡∑í‡∂∫. ‡∂â‡∂≠‡∑í‡∂±‡∑ä.‡∂î‡∂±‡∑ä‡∂± ‡∂ë‡∂≠‡∂ö‡∑ú‡∂ß‡∑ä‡∂∏ ‡∂∏‡∂ú‡∑ö ‡∂ú‡∑ô‡∂Ø‡∂ª ‡∂Ø‡∑ú‡∂ª‡∂ß ‡∂≠‡∂ß‡∑ä‡∂ß‡∑î ‡∂ö‡∂ª‡∂± ‡∑É‡∂Ø‡∑ä‡∂Ø‡∂∫‡∂ö‡∑ä ‡∂á‡∑Ñ‡∑î‡∂´ ,‡∂∏‡∂Ç ‡∂¢‡∂±‡∑ô‡∂Ω‡∑ä ‡∂ª‡∑ô‡∂Ø‡∑ä‡∂Ø ‡∂ë‡∑Ñ‡∑ô‡∂ß ‡∂∏‡∑ô‡∑Ñ‡∑ô‡∂ß ‡∂ö‡∂ª‡∂Ω ‡∂∂‡∂Ω‡∂± ‡∂ö‡∑ú‡∂ß.‡∂ª‡∑è‡∂¢‡∂¥‡∑î‡∂ª‡∑î‡∑Ç‡∂∫‡∑ú ‡∑Ä‡∂ú‡∑ö ‡∂á‡∂≥‡∑î‡∂∏ ‡∂á‡∂≥‡∂ú‡∂≠‡∑ä‡∂≠‡∑î ‡∂ö‡∂ß‡∑ä‡∂ß‡∑í‡∂∫‡∂ö‡∑ä ‡∂≠‡∂∏‡∂∫‡∑í ‡∂í.‡∂∏‡∂Ç ‡∂á‡∑Ñ‡∑î‡∑Ä ‡∂ö‡∑Ä‡∑î‡∂Ø ‡∂ö‡∑í‡∂∫‡∂Ω.‡∂ë‡∂≠‡∂ö‡∑ú‡∂ß ‡∂∏‡∑ö ‡∂ú‡∑ú‡∂Ω‡∑ä‡∂Ω ‡∂ö‡∑í‡∂∫‡∂¥‡∑í ‡∂Ö‡∂¥‡∑í ‡∂ª‡∂¢‡∑ä‡∂≠‡∑î‡∂∏‡∑è‡∂ú‡∑ô ‡∂Ü‡∂ª‡∂ö‡∑ä‡∑Ç‡∂ö ‡∂∑‡∂ß‡∂∫‡∑ú ‡∂ö‡∑í‡∂∫‡∂Ω.‡∂Ø‡∑ô‡∂∫‡∑í‡∂∫‡∂±‡∑ö.‡∂∏‡∂Ç ‡∂ö‡∑ú‡∑Ñ‡∑ú‡∂∏‡∂Ø ‡∂Ø‡∂±‡∑ä‡∂±‡∑ô ‡∂∏‡∑ö ‡∂á‡∂≠‡∑ä‡∂≠‡∂ß‡∂∏ ‡∂ª‡∑è‡∂¢‡∂¥‡∑î‡∂ª‡∑î‡∑Ç‡∂∫‡∑ú‡∂Ø ,‡∑Ñ‡∑ú‡∂ª‡∑î‡∂Ø ,‡∂ö‡∑í‡∂∫‡∂Ω.‡∂∏‡∂Ç ‡∂¥‡∂ª‡∑è‡∂´‡∑è ‡∂∂‡∂∫‡∑ö ‡∂Ø‡∑ú‡∂ª ‡∂Ö‡∂ª‡∑í‡∂±‡∑ä‡∂± ‡∑Ñ‡∂Ø‡∂±‡∂ö‡∑ú‡∂ß ‡∂á‡∂≥‡∑ô‡∂±‡∑ä ‡∂∂‡∑í‡∂∏‡∂ß ‡∑Ä‡∑ê‡∂ß‡∑î‡∂´ .‡∂ë‡∂≠‡∂ö‡∑ú‡∂ß‡∂∫‡∑í ‡∂∏‡∂Ç ‡∂Ø‡∂±‡∑ä‡∂±‡∑ô ‡∂í ‡∂∏‡∂Ç ‡∂Ø‡∑ê‡∂ö‡∑ä‡∂ö‡∑ô ‡∑Ñ‡∑ì‡∂±‡∂∫‡∂ö‡∑ä ‡∂ö‡∑í‡∂∫‡∂Ω.‡∂Ö‡∂±‡∑ö ‡∂â‡∂≠‡∑í‡∂±‡∑ä ‡∂Ö‡∂¥‡∑í ‡∂±‡∂Ç ‡∂â‡∂±‡∑ä‡∂±‡∑ô ‡∑É‡∑û‡∂∑‡∑è‡∂ú‡∂∫‡∑ô‡∂±‡∑ä ‡∂¥‡∑í‡∂ª‡∑í‡∂†‡∑ä‡∂†,‡∂∞‡∑è‡∂±‡∑ä‚Äç‡∂∫ ‡∂∞‡∂±‡∂∫ ‡∂±‡∑ô‡∂ö‡∑ä ‡∂∏‡∂Ω‡∑ä ‡∂¥‡∑Ö‡∂≠‡∑î‡∂ª‡∑î ‡∂ª‡∑è‡∂¢‡∑ä‚Äç‡∂∫‡∂∫‡∂ö ‡∂±‡∑í‡∑É‡∑è ‡∑Ñ‡∑í‡∂≠‡∂ß ‡∂ö‡∑í‡∑É‡∑í‡∂∏ ‡∂Ø‡∑î‡∂ö‡∂ö‡∑ä ‡∂±‡∂∏‡∑ä ‡∂±‡∑ë......‡∂∏‡∑ö ‡∑Ñ‡∑ì‡∂±‡∑ô ‡∂Ö‡∂¥‡∑ö ‡∂ª‡∂ß ‡∂ú‡∑ê‡∂± ‡∂±‡∑ä‡∂Ç ‡∂±‡∑ô‡∑Ä‡∑ô‡∂∫‡∑í.‡∑Ä‡∑ê‡∂Ø‡∂ú‡∂≠‡∑ä ‡∂∂‡∑î‡∂Ø‡∑ä‡∂©‡∑ä‡∂∞‡∑í‡∂∏‡∂≠‡∑ä ‡∂∏‡∑í‡∂±‡∑í‡∑É‡∑ä‡∑É‡∑î ‡∂∏‡∂Ç ‡∂ú‡∑ê‡∂± ‡∂Ö‡∑Ñ‡∑í‡∂≠‡∂ö ‡∂±‡∂Ç ‡∑Ñ‡∑í‡∂≠‡∂±‡∑ä‡∂± ‡∂ë‡∂¥‡∑è."
https://www.youtube.com/watch?v=Cpqq-Dxc15o&pp=0gcJCU8JAYcqIYzv,@forestgum1237,‡∂Ö‡∂±‡∑í‡∑Ä‡∑è‡∂ª‡∑ä‡∂∫‡∂∫‡∑ô‡∂±‡∑ä‡∂∏ ‡∂ª‡∂±‡∑í‡∂Ω‡∑ä‡∂ß ‡∂ã‡∂¥‡∂ª‡∑í‡∂∏ ‡∂Ø‡∂©‡∑î‡∑Ä‡∂∏‡∑í ‡∂Ø‡∑í‡∂∫‡∑Ä‡∑î !!!!!
https://www.youtube.com/watch?v=wLSXc7eTaPg,@professor6010,‡∂ï‡∂ö‡∑î‡∂±‡∑ä ‡∂ú‡∑ô‡∂±‡∑ä‡∑Ä‡∂±‡∑ä‡∂± ‡∂ï‡∂± ‡∂±‡∑ë ‡∂∏‡∑ö ‡∂â‡∂±‡∑ä‡∂± ‡∂ã‡∂±‡∑ä ‡∑Ñ‡∑ú‡∂Ø‡∂ß‡∂∏ ‡∂á‡∂≠‡∑í.
https://www.youtube.com/watch?v=wLSXc7eTaPg,@professor6010,‡∂±‡∑ê‡∂≠‡∑ä‡∂±‡∂∏‡∑ä ‡∂Ω‡∂±‡∑ä‡∂ö‡∑è‡∑Ä‡∑ô‡∂±‡∑ä ‡∂ú‡∑í‡∂∫ ‡∂ã‡∂±‡∑ä ‡∂Ü‡∂¥‡∑Ñ‡∑î ‡∂ú‡∑ô‡∂±‡∂≠‡∑ä ‡∂Ø‡∂ö‡∑î‡∂±‡∑î ‡∂â‡∂±‡∑ä‡∂Ø‡∑í‡∂∫‡∑è‡∑Ä‡∑ô‡∂±‡∑ä ‡∂ú‡∑ô‡∂±‡∑è‡∂¥‡∑î ‡∑Ä‡∂≠‡∑î ‡∂Ø‡∑ô‡∂∏‡∂Ω‡∑î ‡∂ß‡∑í‡∂ö ‡∂∫‡∑Ä‡∂∏‡∑î.
https://www.youtube.com/watch?v=0Ex9-jX8CI0&pp=0gcJCU8JAYcqIYzv,@palithavithana1699,SBJ ekata labena chanda wath nathi wenawa oken.
https://www.youtube.com/watch?v=0Ex9-jX8CI0&pp=0gcJCU8JAYcqIYzv,@CharithaSovis,"‡∑Ñ‡∂ª‡∑ä‡∑Ç ‡∂â‡∂ª‡∑è‡∂±‡∑ä ‡∂â‡∂∏‡∑í‡∂≠‡∑í‡∂∫‡∑è‡∑É‡∑ä ‡∂ë‡∂ö‡∂≠‡∑î‡∑Ä‡∑ô‡∂Ω‡∑è ‡∂Ö‡∂Ω‡∑î‡∂≠‡∑ä ‡∂¥‡∂ö‡∑ä‡∑Ç‡∂∫‡∂ö‡∑ä ‡∑Ñ‡∂Ø‡∂±‡∑ä‡∂±! 

‡∑É‡∂¢‡∑í‡∂≠‡∑ä UNP ‡∂ë‡∂ö ‡∂ö‡∂©‡∂Ω‡∑è ‡∂ª‡∂±‡∑í‡∂Ω‡∑ä‡∂ú‡∑ô‡∂±‡∑ä ‡∂ª‡∂ß ‡∂∂‡∑ö‡∂ª‡∑è‡∂ú‡∂≠‡∑ä‡∂≠‡∑è ‡∑Ä‡∂ú‡∑ö ‡∑Ñ‡∂ª‡∑ä‡∑Ç‡∂ß‡∂≠‡∑ä ‡∂¥‡∑î‡∂Ω‡∑î‡∑Ä‡∂±‡∑ä SJB ‡∂ë‡∂ö ‡∂ö‡∂©‡∂Ω‡∑è ‡∑É‡∂¢‡∑í‡∂≠‡∑ä‡∂ú‡∑ô‡∂±‡∑ä ‡∂ª‡∂ß ‡∂∂‡∑ö‡∂ª‡∑è‡∂ú‡∂±‡∑ä‡∂±! "
https://www.youtube.com/watch?v=0Ex9-jX8CI0&pp=0gcJCU8JAYcqIYzv,@abbacdcdefef426,0 + 0 = 0 ( ‡∂ë‡∂ö‡∂≠‡∑î ‡∑Ä‡∑î‡∂±‡∂≠‡∑ä ‡∑Ä‡∑ô‡∂±‡∂Ø‡∑ö)
https://www.youtube.com/watch?v=0Ex9-jX8CI0&pp=0gcJCU8JAYcqIYzv,@MohamedRiyas-q4p,‡∑Ä‡∑ô‡∂± ‡∑Ä‡∑í‡∂ö‡∂Ω‡∑ä‡∂¥‡∂∫‡∂ö‡∑ä ‡∂±‡∑ë ‡∑Ñ‡∑ú‡∂ª‡∑î‡∂±‡∑ä‡∂ß
https://www.youtube.com/watch?v=0Ex9-jX8CI0&pp=0gcJCU8JAYcqIYzv,@nirupapunchihewa8214,Sit down comedy 
https://www.youtube.com/watch?v=0Ex9-jX8CI0&pp=0gcJCU8JAYcqIYzv,@nelumfernando3810,  parliament jokes!
