post_url,author,text
https://www.facebook.com/sinhala.adaderana.lk/videos/959489719677231,"මේ වගෙ බුවෙක්ද බන් අනුරයගෙ ආර්තික උපදේශක?
අහස උසට වාහන වලට බදු ගහල වාහනයක් ගන්න බැරි තරමට ඒක හීනයක් කරල
වාහන බදු වලින් ආදායම් ගන්න බලන් ඉන්න මුන්ව නම් මිනිස්සු වෙන්න බෑ","මේ වගෙ බුවෙක්ද බන් අනුරයගෙ ආර්තික උපදේශක?
අහස උසට වාහන වලට බදු ගහල වාහනයක් ගන්න බැරි තරමට ඒක හීනයක් කරල
වාහන බදු වලින් ආදායම් ගන්න බලන් ඉන්න මුන්ව නම් මිනිස්සු වෙන්න බෑ"
https://www.facebook.com/sinhala.adaderana.lk/videos/959489719677231,තව අවුරුද නමයක් තියනවා විට්ස් එක ලක්ෂ 12 දෙන්න,තව අවුරුද නමයක් තියනවා විට්ස් එක ලක්ෂ 12 දෙන්න
https://www.facebook.com/sinhala.adaderana.lk/videos/959489719677231,"වාහන මිල මොනවා වුනත් ප්
‍
රශ්නයක් නෙවෙයි උන්ට. මොකද උන් දන්නවා වාහනයක් ගන්න තියා එදාවේල කන්න බැරි තරම්. කැලණි හිඟන්නෝ තමයි උන්ට චන්දෙ දුන්නෙ කියලා.","වාහන මිල මොනවා වුනත් ප්
‍
රශ්නයක් නෙවෙයි උන්ට. මොකද උන් දන්නවා වාහනයක් ගන්න තියා එදාවේල කන්න බැරි තරම්. කැලණි හිඟන්නෝ තමයි උන්ට චන්දෙ දුන්නෙ කියලා."
https://www.facebook.com/sinhala.adaderana.lk/videos/959489719677231,"බොරු ගනන් දිලා අත්
‍
යවශ්
‍
ය ම නොවේ නම් ගන්න එපා","බොරු ගනන් දිලා අත්
‍
යවශ්
‍
ය ම නොවේ නම් ගන්න එපා"
https://www.facebook.com/sinhala.adaderana.lk/videos/959489719677231,පුපුරැදය,පුපුරැදය
https://www.facebook.com/sinhala.adaderana.lk/videos/959489719677231,"සාම්ප්
‍
රදායික බදු ක්
‍
රම නෙවෙයි ගල් යුගයෙ බදු ක්
‍
රම මුන්ගෙ
මේවද කියාපු සංවර්ධය සැලසුම්","සාම්ප්
‍
රදායික බදු ක්
‍
රම නෙවෙයි ගල් යුගයෙ බදු ක්
‍
රම මුන්ගෙ
මේවද කියාපු සංවර්ධය සැලසුම්"
https://www.facebook.com/sinhala.adaderana.lk/videos/959489719677231,"Gihan Pradeep
තව පෝය දෙකකින්වත් අඩු කරන්න බැරිද","Gihan Pradeep
තව පෝය දෙකකින්වත් අඩු කරන්න බැරිද"
https://www.facebook.com/sinhala.adaderana.lk/videos/959489719677231,වාහනවල බදු අඩුවෙන්න තියා මුන් හදන්නෙ අතේ තියන කීයට හරිත් බදු කෙලින්න.,වාහනවල බදු අඩුවෙන්න තියා මුන් හදන්නෙ අතේ තියන කීයට හරිත් බදු කෙලින්න.
https://www.facebook.com/sinhala.adaderana.lk/videos/959489719677231,"හිතනවා, හිතුවේ කියලා විතරයි සම්පූර්ණ කතාව ගත්තොත්..... මහා බැංකු අධිපති තුමා නම් කෙලින්ම වෙන දේ කියනවා...","හිතනවා, හිතුවේ කියලා විතරයි සම්පූර්ණ කතාව ගත්තොත්..... මහා බැංකු අධිපති තුමා නම් කෙලින්ම වෙන දේ කියනවා..."
https://www.facebook.com/sinhala.adaderana.lk/videos/959489719677231,"Wahana nogena imu
Echcharai","Wahana nogena imu
Echcharai"
https://www.facebook.com/sinhala.adaderana.lk/videos/959489719677231,ලක්ෂ 10 ව්ට්ස් තියේ නම් 2ක් ඕඩර් කරන්න.ප්ලීස්,ලක්ෂ 10 ව්ට්ස් තියේ නම් 2ක් ඕඩර් කරන්න.ප්ලීස්
https://www.facebook.com/sinhala.adaderana.lk/videos/959489719677231,@highlight,@highlight
https://www.facebook.com/sinhala.adaderana.lk/videos/959489719677231,"Ma wasara nawa mun innakn adu wanna na.harak tv akan,un kiyapua katha balaa chanda dunna oktana","Ma wasara nawa mun innakn adu wanna na.harak tv akan,un kiyapua katha balaa chanda dunna oktana"
https://www.facebook.com/sinhala.adaderana.lk/videos/1043752264231435,මාලිමාවට ජය,මාලිමාවට ජය
https://www.facebook.com/sinhala.adaderana.lk/videos/1043752264231435,ඒ වුනාට මුන් එකෙක්වත් කියපු දේ කලේ නෑ කියලා පිලිගන්නෙ නෑනෙ,ඒ වුනාට මුන් එකෙක්වත් කියපු දේ කලේ නෑ කියලා පිලිගන්නෙ නෑනෙ
https://www.facebook.com/sinhala.adaderana.lk/videos/1043752264231435,"කොච්චර හොඳද කියනවානම් ත්
‍
රීවීල් එකක් ලක්ෂ 20ක් කලා","කොච්චර හොඳද කියනවානම් ත්
‍
රීවීල් එකක් ලක්ෂ 20ක් කලා"
https://www.facebook.com/sinhala.adaderana.lk/videos/1043752264231435,"විකාරෙන් පච විද්දට.ක්
‍
රියාවෙන් කරන්න බැ","විකාරෙන් පච විද්දට.ක්
‍
රියාවෙන් කරන්න බැ"
https://www.facebook.com/sinhala.adaderana.lk/videos/1043752264231435,බොරු කියල බලය ගනිපු උන්ට ඕව කරන්න පුලුවන්ද,බොරු කියල බලය ගනිපු උන්ට ඕව කරන්න පුලුවන්ද
https://www.facebook.com/sinhala.adaderana.lk/videos/1043752264231435,අපොයි.ඔවි.කියපුව.එකක්වත්නෑ.තවම.ටොමි.පචයලා,අපොයි.ඔවි.කියපුව.එකක්වත්නෑ.තවම.ටොමි.පචයලා
https://www.facebook.com/sinhala.adaderana.lk/videos/1043752264231435,DSA එක ගැනත් කිව්වෙ සාකච්ඡා කරනවා බැරිවුනොත් අතඇරලා දානවා කියලා.ඒකෙ එල්ලිලා imf වැඩසටහන නවත්තන්නෙ නෑ කියලා. ඒකට තමයි විපක්ෂෙ එවුන් කිව්වෙ බැරිවුනොත් අතඇරලා දානවා කියලා අනුර කිව්වා කියලා,DSA එක ගැනත් කිව්වෙ සාකච්ඡා කරනවා බැරිවුනොත් අතඇරලා දානවා කියලා.ඒකෙ එල්ලිලා imf වැඩසටහන නවත්තන්නෙ නෑ කියලා. ඒකට තමයි විපක්ෂෙ එවුන් කිව්වෙ බැරිවුනොත් අතඇරලා දානවා කියලා අනුර කිව්වා කියලා
https://www.facebook.com/sinhala.adaderana.lk/videos/1043752264231435,පච ලපයා,පච ලපයා
https://www.facebook.com/sinhala.adaderana.lk/videos/1043752264231435,"බයිලා චක්
‍
ර වර්ති","බයිලා චක්
‍
ර වර්ති"
https://www.facebook.com/sinhala.adaderana.lk/videos/1043752264231435,චන්දෙ ගන්න මනුස්සයින්ව රවට්ටන්න බොරු කිව්වෙ කියලා දැන් පැහැදිලියිනෙ,චන්දෙ ගන්න මනුස්සයින්ව රවට්ටන්න බොරු කිව්වෙ කියලා දැන් පැහැදිලියිනෙ
https://www.facebook.com/sinhala.adaderana.lk/videos/1043752264231435,"සරලව කියපම් බම වටේ යන් නැතුව, බලය ගන්න පච කෙලියා, රනිල් කරපු දේ තමයි හරි කියල,,","සරලව කියපම් බම වටේ යන් නැතුව, බලය ගන්න පච කෙලියා, රනිල් කරපු දේ තමයි හරි කියල,,"
https://www.facebook.com/sinhala.adaderana.lk/videos/1043752264231435,මාලිමාවට ඡන්දේ දීපු අපි රැවටුනා කියලා හිතෙනවා දැන්,මාලිමාවට ඡන්දේ දීපු අපි රැවටුනා කියලා හිතෙනවා දැන්
https://www.facebook.com/sinhala.adaderana.lk/videos/1043752264231435,"මාධ්
‍
ය ආයතන මෙහෙයවන මයික් ආන්ඩු විරෝදය මැයි ජන්දයෙන් ඔප්පු කිරීමට අවස්තාවක් ඇත","මාධ්
‍
ය ආයතන මෙහෙයවන මයික් ආන්ඩු විරෝදය මැයි ජන්දයෙන් ඔප්පු කිරීමට අවස්තාවක් ඇත"
https://www.facebook.com/sinhala.adaderana.lk/videos/1043752264231435,අපි අපි වෙනුවෙන් සියලු දෙනා අපි අපිටම සහ ලොවට රටට හොදම හොදයි.,අපි අපි වෙනුවෙන් සියලු දෙනා අපි අපිටම සහ ලොවට රටට හොදම හොදයි.
https://www.facebook.com/sinhala.adaderana.lk/videos/1043752264231435,එහෙමවත් කියහන්.,එහෙමවත් කියහන්.
https://www.facebook.com/sinhala.adaderana.lk/videos/1043752264231435,දේශබන්දු ලා නමල්ලා පාතාලේ මෙච්චර නැටුවේ නෑ හැබැයි රනිල් ඉද්දි,දේශබන්දු ලා නමල්ලා පාතාලේ මෙච්චර නැටුවේ නෑ හැබැයි රනිල් ඉද්දි
https://www.facebook.com/sinhala.adaderana.lk/videos/1043752264231435,මිස්ට ටොන් පච,මිස්ට ටොන් පච
https://www.facebook.com/sinhala.adaderana.lk/videos/1043752264231435,"""පචාලංකාරය"" PDF එකක් නැද්ද කාගෙවත් ලග","""පචාලංකාරය"" PDF එකක් නැද්ද කාගෙවත් ලග"
https://www.facebook.com/sinhala.adaderana.lk/videos/1043752264231435,බුද්ධිමත් නොවන චන්දදායකයන් සිටින රටක යම් දේශපාලන පක්ෂයක් බලය ලබාගැනීමට නම් කුමක් කලයුතුද ...?,බුද්ධිමත් නොවන චන්දදායකයන් සිටින රටක යම් දේශපාලන පක්ෂයක් බලය ලබාගැනීමට නම් කුමක් කලයුතුද ...?
https://www.facebook.com/sinhala.adaderana.lk/videos/1043752264231435,Boru kiyyata ayeth genu pooline gihin chanda denewa,Boru kiyyata ayeth genu pooline gihin chanda denewa
https://www.facebook.com/sinhala.adaderana.lk/videos/1043752264231435,"Ethakota e hoda dewal ranil karaddi hoda ne kiyla strike kare , npp nan boruwa witharai","Ethakota e hoda dewal ranil karaddi hoda ne kiyla strike kare , npp nan boruwa witharai"
https://www.facebook.com/sinhala.adaderana.lk/videos/1043752264231435,අමු කාලාද ඉන්නේ උබ,අමු කාලාද ඉන්නේ උබ
https://www.facebook.com/sinhala.adaderana.lk/videos/1390260755313942,"@followers @highlight කයිවාරුකාරයෝ එමට, රනිල් විතරයි හිටියෙ රටට. සුබ උපන්දිනයක්!","@followers @highlight කයිවාරුකාරයෝ එමට, රනිල් විතරයි හිටියෙ රටට. සුබ උපන්දිනයක්!"
https://www.facebook.com/sinhala.adaderana.lk/videos/1390260755313942,අපි කිව්වම පිළිනොගත්ත ජෙබයියෝ හුලංගමුව කිව්වමවත් පිළිගත්තොත් පුදුමයක්!,අපි කිව්වම පිළිනොගත්ත ජෙබයියෝ හුලංගමුව කිව්වමවත් පිළිගත්තොත් පුදුමයක්!
https://www.facebook.com/sinhala.adaderana.lk/videos/1390260755313942,"අපේ ඉතිරි ඇදුම් ටිකත් ගලවන්න එපා මහත්තය
කොහොමද එක එක එවුන් කියන කතා හොදන්නෙ..අපිටත් වැඩ තියනවා
( වහල් ඩොබ් ජෙපි මාළිමාවේ හැතිකරය)","අපේ ඉතිරි ඇදුම් ටිකත් ගලවන්න එපා මහත්තය
කොහොමද එක එක එවුන් කියන කතා හොදන්නෙ..අපිටත් වැඩ තියනවා
( වහල් ඩොබ් ජෙපි මාළිමාවේ හැතිකරය)"
https://www.facebook.com/sinhala.adaderana.lk/videos/1390260755313942,"තෙල් නැතිව, ගෑස් නැතිව මිනිසුන් දුක් විඳින කොට ඒවා ලබාදුන්නා","තෙල් නැතිව, ගෑස් නැතිව මිනිසුන් දුක් විඳින කොට ඒවා ලබාදුන්නා"
https://www.facebook.com/sinhala.adaderana.lk/videos/1390260755313942,වැටුන එකෙන් ගොඩගත්ත වගෙම වැටෙන්නත් හේතු හදපු යහපාලන ආණ්ඩුවේ prime minister mchn,වැටුන එකෙන් ගොඩගත්ත වගෙම වැටෙන්නත් හේතු හදපු යහපාලන ආණ්ඩුවේ prime minister mchn
https://www.facebook.com/sinhala.adaderana.lk/videos/1390260755313942,නෑ නෑ අනුර ගොඩ ගත්තෙ,නෑ නෑ අනුර ගොඩ ගත්තෙ
https://www.facebook.com/sinhala.adaderana.lk/videos/1390260755313942,ලංකාවේ මිනිස්සුන්ට ඇත්ත තේරෙන්න ටිකක් කල් යනවා.එතකම් වැඩ්ඩෝ වගේ නටනවා,ලංකාවේ මිනිස්සුන්ට ඇත්ත තේරෙන්න ටිකක් කල් යනවා.එතකම් වැඩ්ඩෝ වගේ නටනවා
https://www.facebook.com/sinhala.adaderana.lk/videos/1390260755313942,"හුලංගමුව දේශද්
‍
රෝහියෙක්","හුලංගමුව දේශද්
‍
රෝහියෙක්"
https://www.facebook.com/sinhala.adaderana.lk/videos/1390260755313942,"හුලංගමුවත් ජෙප්පන්ගෙන් බැනුම් අහන්නයි යන්නෙ.ඇත්ත කියල
බොරු කියන්න පුරුදුවෙන්න ඕනි අනුර එක්ක ඉන්නනම්","හුලංගමුවත් ජෙප්පන්ගෙන් බැනුම් අහන්නයි යන්නෙ.ඇත්ත කියල
බොරු කියන්න පුරුදුවෙන්න ඕනි අනුර එක්ක ඉන්නනම්"
https://www.facebook.com/sinhala.adaderana.lk/videos/1390260755313942,බලන් ගියාම අන්තිමට හුලං තමයි මාස 5 පස්සෙත්,බලන් ගියාම අන්තිමට හුලං තමයි මාස 5 පස්සෙත්
https://www.facebook.com/sinhala.adaderana.lk/videos/1390260755313942,ජෙබයියන්ට මේක පේන්නේ නෑ,ජෙබයියන්ට මේක පේන්නේ නෑ
https://www.facebook.com/sinhala.adaderana.lk/videos/1390260755313942,සත පහකට වැඩක් නෑැ ඔයවැඩසටහන,සත පහකට වැඩක් නෑැ ඔයවැඩසටහන
https://www.facebook.com/sinhala.adaderana.lk/videos/1390260755313942,"ඒක තමා කමෙි රනිල් ,දිසානායකයන කියලා දෙකම ඒකයි","ඒක තමා කමෙි රනිල් ,දිසානායකයන කියලා දෙකම ඒකයි"
https://www.facebook.com/sinhala.adaderana.lk/videos/1390260755313942,ඉතින් මොකුත්ම අලුත් දෙයක් නෑ. රනිල් හදාගෙන ආව එක තව ටිකක් පහුවෙලා ඒ විදියටම කරගෙන යනවා. හරි ශෝක්. ලැජ්ජාවක් නැතිව ලකුණුත් දාගන්නවා.,ඉතින් මොකුත්ම අලුත් දෙයක් නෑ. රනිල් හදාගෙන ආව එක තව ටිකක් පහුවෙලා ඒ විදියටම කරගෙන යනවා. හරි ශෝක්. ලැජ්ජාවක් නැතිව ලකුණුත් දාගන්නවා.
https://www.facebook.com/sinhala.adaderana.lk/videos/1390260755313942,"දේශපාලන කුහකකමක් නැති ආර්ථිකය ගැන අවබෝධයක් තියෙන සියලු දෙනා පිළිගන්න සත්
‍
යයක්...","දේශපාලන කුහකකමක් නැති ආර්ථිකය ගැන අවබෝධයක් තියෙන සියලු දෙනා පිළිගන්න සත්
‍
යයක්..."
https://www.facebook.com/sinhala.adaderana.lk/videos/1390260755313942,"71 කැරල්ල කල උන්ට අපරාධ යුක්ති කොමි මෙන් දඩුවම් කලා වගේ 88 89 භීෂණයේ වගයුත්තන් සමග ඩීල් දාල උන්ට එරෙහිව දඩුවම් නොකල එකට රනිල්ගේ ප්
‍
රජා අයිතිය අහෝසිකල යුතුය.","71 කැරල්ල කල උන්ට අපරාධ යුක්ති කොමි මෙන් දඩුවම් කලා වගේ 88 89 භීෂණයේ වගයුත්තන් සමග ඩීල් දාල උන්ට එරෙහිව දඩුවම් නොකල එකට රනිල්ගේ ප්
‍
රජා අයිතිය අහෝසිකල යුතුය."
https://www.facebook.com/sinhala.adaderana.lk/videos/1390260755313942,සන්තෝසයිද දැන්,සන්තෝසයිද දැන්
https://www.facebook.com/sinhala.adaderana.lk/videos/1390260755313942,කුහකයෝ අව්ල් වෙයි,කුහකයෝ අව්ල් වෙයි
https://www.facebook.com/sinhala.adaderana.lk/videos/1390260755313942,බදු.වැඩි.කරලද,බදු.වැඩි.කරලද
https://www.facebook.com/sinhala.adaderana.lk/videos/1390260755313942,ඒකවත් දන්න පිළිගන්න එකෙක් හරි හිටපු එක හොදයි.ගම් අපතයෝ ඕවා දන්නවයෑ ඉතින්.,ඒකවත් දන්න පිළිගන්න එකෙක් හරි හිටපු එක හොදයි.ගම් අපතයෝ ඕවා දන්නවයෑ ඉතින්.
https://www.facebook.com/sinhala.adaderana.lk/videos/1390260755313942,Nandani Ranaweer molayak thiyana minissu dannawa,Nandani Ranaweer molayak thiyana minissu dannawa
https://www.facebook.com/sinhala.adaderana.lk/videos/1390260755313942,"Gihan Pradeep Indika Withanage Sudesh Samarajiwa Amila Krishan Koshan Kawidu
John keells හුළංගමුව දායක සභාවේ සහෝදරවරු හෙළුවෙන් අවිද්දවන්න
එපා plz … See more","Gihan Pradeep Indika Withanage Sudesh Samarajiwa Amila Krishan Koshan Kawidu
John keells හුළංගමුව දායක සභාවේ සහෝදරවරු හෙළුවෙන් අවිද්දවන්න
එපා plz … See more"
https://www.facebook.com/sinhala.adaderana.lk/videos/1390260755313942,කෙලවෙනවා කියලා දන්න නිසා කරා මිසක් කරයි මේක,කෙලවෙනවා කියලා දන්න නිසා කරා මිසක් කරයි මේක
https://www.facebook.com/sinhala.adaderana.lk/videos/1390260755313942,Oka meke inna harak ta notherena ekane wede,Oka meke inna harak ta notherena ekane wede
https://www.facebook.com/sinhala.adaderana.lk/videos/1390260755313942,පිස්සුද මේක ගොඩ දාලා දුන්නේ කුමාර මහත්තයා. පොඩ්ඩක් කල්පනා කරල බලන්න..,පිස්සුද මේක ගොඩ දාලා දුන්නේ කුමාර මහත්තයා. පොඩ්ඩක් කල්පනා කරල බලන්න..
https://www.facebook.com/sinhala.adaderana.lk/videos/1390260755313942,"ඔය වැඩසටනේදීම හුලංගමුව කියනවා.. ගෝඨාට උපදෙස් දුන්නේ නැහැ , රනිල් සමගත් සමීප ඇසුරක් තිබුනේ නැහැ කියලා. ඇත්තටම මේ වගේ නසරානි පොරවල් නිසා තමයි අපේ රටට කෙළවුණේ. දැන් අනුරගේ ආර්ථික විද්
‍
යා සුරතලෙක් වෙලා ඉන්නවා ඌට ලණු දිදී. මිනිහගේ ටාගට් එක තමයි මුදල් අමාත්
‍
… See more","ඔය වැඩසටනේදීම හුලංගමුව කියනවා.. ගෝඨාට උපදෙස් දුන්නේ නැහැ , රනිල් සමගත් සමීප ඇසුරක් තිබුනේ නැහැ කියලා. ඇත්තටම මේ වගේ නසරානි පොරවල් නිසා තමයි අපේ රටට කෙළවුණේ. දැන් අනුරගේ ආර්ථික විද්
‍
යා සුරතලෙක් වෙලා ඉන්නවා ඌට ලණු දිදී. මිනිහගේ ටාගට් එක තමයි මුදල් අමාත්
‍
… See more"
https://www.facebook.com/sinhala.adaderana.lk/videos/1390260755313942,Burampila.kiwwe.unkiyawidiyata.nemei.apita.onawidiyatai.nayaganne.kiyala..harine.meheta.ennam.kewama.na.api.eheta.ennamlu..paw..appaaaa,Burampila.kiwwe.unkiyawidiyata.nemei.apita.onawidiyatai.nayaganne.kiyala..harine.meheta.ennam.kewama.na.api.eheta.ennamlu..paw..appaaaa
https://www.facebook.com/sinhala.adaderana.lk/videos/1390260755313942,මෙයාටත් යන්න වෙනවා.,මෙයාටත් යන්න වෙනවා.
https://www.facebook.com/sinhala.adaderana.lk/videos/1390260755313942,Mr හුලං පිස්සුද මනුස්සයෝ ඕව කියන්න,Mr හුලං පිස්සුද මනුස්සයෝ ඕව කියන්න
https://www.facebook.com/sinhala.adaderana.lk/videos/1390260755313942,I know very well set ekama l was close together many many times maybe you don't know who I am. they know me very well. I have been with them together long time. Eate together. Drink together. Dance together. Even J.R Jayawardena and madam (favoriteson… See more,I know very well set ekama l was close together many many times maybe you don't know who I am. they know me very well. I have been with them together long time. Eate together. Drink together. Dance together. Even J.R Jayawardena and madam (favoriteson… See more
https://www.facebook.com/sinhala.adaderana.lk/videos/1390260755313942,ඔඩිට් ටෙන්ඩර් එක,ඔඩිට් ටෙන්ඩර් එක
https://www.facebook.com/sinhala.adaderana.lk/videos/1390260755313942,හොරා හොරා කිව්වට තාම ඔප්පු කරගන්නත් බෑ,හොරා හොරා කිව්වට තාම ඔප්පු කරගන්නත් බෑ
https://www.facebook.com/sinhala.adaderana.lk/videos/1390260755313942,"ගෝඨාබයට ,රනිල්ට උපදෙස් දුන්න.ගෝටාබය දමල ගිය.රනිල් දේශපාලනිකව නන්නත් තාර උනා.","ගෝඨාබයට ,රනිල්ට උපදෙස් දුන්න.ගෝටාබය දමල ගිය.රනිල් දේශපාලනිකව නන්නත් තාර උනා."
https://www.facebook.com/sinhala.adaderana.lk/videos/1390260755313942,"Gihan Pradeep
⁣කුහකයින්ට හෙළුවෙන් ඇවිදින්න වෙලා නේද","Gihan Pradeep
⁣කුහකයින්ට හෙළුවෙන් ඇවිදින්න වෙලා නේද"
https://www.facebook.com/sinhala.adaderana.lk/videos/1390260755313942,ඇයි බන් මේ කයිවාරු කාරයෝ ඔහොම හරි අල්ලන් ඉන්නේ එකයි නොකියන්නේ,ඇයි බන් මේ කයිවාරු කාරයෝ ඔහොම හරි අල්ලන් ඉන්නේ එකයි නොකියන්නේ
https://www.facebook.com/sinhala.adaderana.lk/videos/1390260755313942,Watuna rata hari parata genaemin siti manussaya elawa dama wena melo deyak nidanna aluth porak janadipathi karala bancilgena innawa,Watuna rata hari parata genaemin siti manussaya elawa dama wena melo deyak nidanna aluth porak janadipathi karala bancilgena innawa
https://www.facebook.com/sinhala.adaderana.lk/videos/1390260755313942,බොහෝ අයදැඩි මමත්වය නිසාම පිරිහෙනව.,බොහෝ අයදැඩි මමත්වය නිසාම පිරිහෙනව.
https://www.facebook.com/sinhala.adaderana.lk/videos/1390260755313942,Audit tender,Audit tender
https://www.facebook.com/sinhala.adaderana.lk/videos/1390260755313942,ළග පිකප් වහල්ලු ටික දැන් ඉතින් මෙතුමා ඉවර කරයි,ළග පිකප් වහල්ලු ටික දැන් ඉතින් මෙතුමා ඉවර කරයි
https://www.facebook.com/sinhala.adaderana.lk/videos/1390260755313942,රනිල් එක කරා කියල ඔන මොඩයෙක්ට තෙරෙනව මිනිස්සු හොරකම දුශනය නිසයි මෙ ආන්ඩුව ගෙනාවෙ,රනිල් එක කරා කියල ඔන මොඩයෙක්ට තෙරෙනව මිනිස්සු හොරකම දුශනය නිසයි මෙ ආන්ඩුව ගෙනාවෙ
https://www.facebook.com/sinhala.adaderana.lk/videos/1390260755313942,වියලි කලාපේ බයියෝ ලේප්ට් වෙනවා මෙහම අහනකොට,වියලි කලාපේ බයියෝ ලේප්ට් වෙනවා මෙහම අහනකොට
https://www.facebook.com/sinhala.adaderana.lk/videos/1390260755313942,දැන් බඩුමිල වැඩි වුනා කියල ලමයි කලන්තෙ දාල වැටෙන්නේ නෑ නේද,දැන් බඩුමිල වැඩි වුනා කියල ලමයි කලන්තෙ දාල වැටෙන්නේ නෑ නේද
https://www.facebook.com/sinhala.adaderana.lk/videos/963045322677960,තොගේ තාත්තා කරපුවා,තොගේ තාත්තා කරපුවා
https://www.facebook.com/sinhala.adaderana.lk/videos/963045322677960,බන්කොලොත් වෙනකොට සද්ද නෑ...clean වෙනකොට ඉන්න බෑ....,බන්කොලොත් වෙනකොට සද්ද නෑ...clean වෙනකොට ඉන්න බෑ....
https://www.facebook.com/sinhala.adaderana.lk/videos/963045322677960,සොත්ති උපාලි රජ ගෙදර තියන් හිටියේ..,සොත්ති උපාලි රජ ගෙදර තියන් හිටියේ..
https://www.facebook.com/sinhala.adaderana.lk/videos/963045322677960,වල් අලි හැම තැනම,වල් අලි හැම තැනම
https://www.facebook.com/sinhala.adaderana.lk/videos/963045322677960,කට හරින්න තරමට චන්දෙ කැඩෙයි,කට හරින්න තරමට චන්දෙ කැඩෙයි
https://www.facebook.com/sinhala.adaderana.lk/videos/963045322677960,"ඒකනෙ හරියට ප්
‍
රේමදාසගෙ කාලේ ප්
‍
රා කල්ලියෙ වැඩ වගෙනෙ","ඒකනෙ හරියට ප්
‍
රේමදාසගෙ කාලේ ප්
‍
රා කල්ලියෙ වැඩ වගෙනෙ"
https://www.facebook.com/sinhala.adaderana.lk/videos/963045322677960,උබාගේ පියානෝ වර්දනේ කරපුවා තමයි,උබාගේ පියානෝ වර්දනේ කරපුවා තමයි
https://www.facebook.com/sinhala.adaderana.lk/videos/963045322677960,දෙරණ තමයි හොඳටම කරන්නේ...,දෙරණ තමයි හොඳටම කරන්නේ...
https://www.facebook.com/sinhala.adaderana.lk/videos/963045322677960,"අම්මෝ, පියානෝගේ කාලේ.....","අම්මෝ, පියානෝගේ කාලේ....."
https://www.facebook.com/sinhala.adaderana.lk/videos/963045322677960,මොවුට තාත්තට වෙච්ච දේටත් වැඩිය වෙන වැඩක් වෙන්නේ කාලකන්නියා,මොවුට තාත්තට වෙච්ච දේටත් වැඩිය වෙන වැඩක් වෙන්නේ කාලකන්නියා
https://www.facebook.com/sinhala.adaderana.lk/videos/963045322677960,අම්මෝ අම්මෝ උපදෙස් දෙන අයියා... තාත්තාගෙ පුතා..,අම්මෝ අම්මෝ උපදෙස් දෙන අයියා... තාත්තාගෙ පුතා..
https://www.facebook.com/sinhala.adaderana.lk/videos/963045322677960,දැන් අපරාධකරුවන්ට දේශපාලන රැකවරණ ලැබෙන්නේ නෑ!ඒ නිසා ඔවුන් එකිනෙකා මරා ගන්නවා !,දැන් අපරාධකරුවන්ට දේශපාලන රැකවරණ ලැබෙන්නේ නෑ!ඒ නිසා ඔවුන් එකිනෙකා මරා ගන්නවා !
https://www.facebook.com/sinhala.adaderana.lk/videos/963045322677960,God bless,God bless
https://www.facebook.com/sinhala.adaderana.lk/videos/963045322677960,පිස්සෙක් තනිකරම,පිස්සෙක් තනිකරම
https://www.facebook.com/sinhala.adaderana.lk/videos/963045322677960,කොහෙද බං හිටියේ මෙච්චර දවසක්,කොහෙද බං හිටියේ මෙච්චර දවසක්
https://www.facebook.com/sinhala.adaderana.lk/videos/963045322677960,ඔයා ජනාධිපති වෙන්න නොකරපු දෙයක් නැනේ ඉතින් මේවාත් ඔයාලා සංවිධානය වෙලා කරනවාද කවුද දන්නේ,ඔයා ජනාධිපති වෙන්න නොකරපු දෙයක් නැනේ ඉතින් මේවාත් ඔයාලා සංවිධානය වෙලා කරනවාද කවුද දන්නේ
https://www.facebook.com/sinhala.adaderana.lk/videos/963045322677960,පිස්සෙක් මුන්ට කරන්න පුලුවන් දෙයක් නැ,පිස්සෙක් මුන්ට කරන්න පුලුවන් දෙයක් නැ
https://www.facebook.com/sinhala.adaderana.lk/videos/963045322677960,මොනවා කීවත් ජනතාව බුද්දිමත්ව හිතන්න,මොනවා කීවත් ජනතාව බුද්දිමත්ව හිතන්න
https://www.facebook.com/sinhala.adaderana.lk/videos/963045322677960,මොනව හරි කියන්නත් ඕනනේ,මොනව හරි කියන්නත් ඕනනේ
https://www.facebook.com/sinhala.adaderana.lk/videos/963045322677960,මලිමාවට ජයම වෙිවා,මලිමාවට ජයම වෙිවා
https://www.facebook.com/sinhala.adaderana.lk/videos/963045322677960,"මේ
‍
මනුස්සය මෙවට විරුද්දව කතාකරනකොට ඉපදිච්
‍
ච නැතිවුනුත් ප්
‍
රෙමදාසට බනින්නෙ. කොහොම මෝඩ එවුන්ද ඉතින් මේ
‍
ලපයත් එක්ක ඉන්නෙ. මොකුත් නොදන්නව උනාට ජෙප්පන්ගෙ කුහක කමයි වෛරයයි හොදට රටේ
‍
පැතිරිලා තියෙන බවනම්
‍
පෙනව. මේ
‍
දේශපාලනය ඇතුලෙ ඉන්න සාදාරනම මිනස මොහුයි. ඒදේ ඒ","මේ
‍
මනුස්සය මෙවට විරුද්දව කතාකරනකොට ඉපදිච්
‍
ච නැතිවුනුත් ප්
‍
රෙමදාසට බනින්නෙ. කොහොම මෝඩ එවුන්ද ඉතින් මේ
‍
ලපයත් එක්ක ඉන්නෙ. මොකුත් නොදන්නව උනාට ජෙප්පන්ගෙ කුහක කමයි වෛරයයි හොදට රටේ
‍
පැතිරිලා තියෙන බවනම්
‍
පෙනව. මේ
‍
දේශපාලනය ඇතුලෙ ඉන්න සාදාරනම මිනස මොහුයි. ඒදේ ඒ"
https://www.facebook.com/sinhala.adaderana.lk/videos/963045322677960,ඔයා ඇවිත් ඉදියානම් ඔයිට වඩා බලාගෙන ඉන්න වෙන්නේ...,ඔයා ඇවිත් ඉදියානම් ඔයිට වඩා බලාගෙන ඉන්න වෙන්නේ...
https://www.facebook.com/sinhala.adaderana.lk/videos/963045322677960,Thopila ge thatha minimawo kalakanni heththa thopila die,Thopila ge thatha minimawo kalakanni heththa thopila die
https://www.facebook.com/sinhala.adaderana.lk/videos/963045322677960,බූරු පුතා බූරු කතා කියනවා,බූරු පුතා බූරු කතා කියනවා
https://www.facebook.com/sinhala.adaderana.lk/videos/963045322677960,"තාත්තා පාතාලය ප්
‍
රමෝට් කරන්න දිපු යකඩ තමයි ඉතින් ඕවා.","තාත්තා පාතාලය ප්
‍
රමෝට් කරන්න දිපු යකඩ තමයි ඉතින් ඕවා."
https://www.facebook.com/sinhala.adaderana.lk/videos/963045322677960,"Thopee thaathaa paaree bahalaa ගිහිල්ලා needha sawalen අහුලා ganna වුණේ ...
Thaopita eekath අමතක unaa wagee...","Thopee thaathaa paaree bahalaa ගිහිල්ලා needha sawalen අහුලා ganna වුණේ ...
Thaopita eekath අමතක unaa wagee..."
https://www.facebook.com/sinhala.adaderana.lk/videos/963045322677960,පාතාලය පටන් ගත්ත නිර්මාණ කරුවො තාත්තල කියල අමතකයිද,පාතාලය පටන් ගත්ත නිර්මාණ කරුවො තාත්තල කියල අමතකයිද
https://www.facebook.com/sinhala.adaderana.lk/videos/963045322677960,Ethakota oyala awama pathale nathara wenawanam Dan ma call ekak dala nawathannako wade iwaraine,Ethakota oyala awama pathale nathara wenawanam Dan ma call ekak dala nawathannako wade iwaraine
https://www.facebook.com/sinhala.adaderana.lk/videos/963045322677960,Ai kauda haduwa pathsla,Ai kauda haduwa pathsla
https://www.facebook.com/sinhala.adaderana.lk/videos/963045322677960,Piyanoge kale kohomada Mathak karala dennanada,Piyanoge kale kohomada Mathak karala dennanada
https://www.facebook.com/sinhala.adaderana.lk/videos/963045322677960,කටයි ..කයි දෙකම එකයි. රනිල තව හොඳයී,කටයි ..කයි දෙකම එකයි. රනිල තව හොඳයී
https://www.facebook.com/sinhala.adaderana.lk/videos/963045322677960,Thoge appa lewariya preme thamay mewata mula hipatuwo,Thoge appa lewariya preme thamay mewata mula hipatuwo
https://www.facebook.com/sinhala.adaderana.lk/videos/963045322677960,Muga thataha thami pathalaya bhikara...Tear Sayawal Wala kollo kidanak puchaka adda . Aywa kalath..Malima Rajayada..Muta Rata giya nam thawath Sayawal kiyak...Daleaida danna naha...Attu maruwa diyamanthi Ganna...kalakanni apathaya...Balan hitapan chand… See more,Muga thataha thami pathalaya bhikara...Tear Sayawal Wala kollo kidanak puchaka adda . Aywa kalath..Malima Rajayada..Muta Rata giya nam thawath Sayawal kiyak...Daleaida danna naha...Attu maruwa diyamanthi Ganna...kalakanni apathaya...Balan hitapan chand… See more
https://www.facebook.com/sinhala.adaderana.lk/videos/963045322677960,50 දශකයෙ හිදලා මෙි දක්වා ඉදපු පාලකයො වගකිව යුතුයි මෙිතත්ත්වයට,50 දශකයෙ හිදලා මෙි දක්වා ඉදපු පාලකයො වගකිව යුතුයි මෙිතත්ත්වයට
https://www.facebook.com/sinhala.adaderana.lk/videos/963045322677960,සංස්කෘතික බාශාවකින් කතාකරන උත්කෘෂ්ඨ වූ පරිනත මිනිසා.....,සංස්කෘතික බාශාවකින් කතාකරන උත්කෘෂ්ඨ වූ පරිනත මිනිසා.....
https://www.facebook.com/sinhala.adaderana.lk/videos/963045322677960,"අනේ බයිලා nogaha ඉදින් ban...මෙවැනි දේවල් සිද්ධ වෙන්නේ denda...pramadasa කාලෙත් owa තිබුණා ...ප්
‍
රසිද්ධියට පත් උනෙ අඩුවෙන් ...den wage A kale diunu නැහැනෙ ..den සිද්ධ වෙන දේවල් එදත් සිදු una..1විනඩියෙන් මිනිසුන් අතර යනවා .. වෙනස eakai..","අනේ බයිලා nogaha ඉදින් ban...මෙවැනි දේවල් සිද්ධ වෙන්නේ denda...pramadasa කාලෙත් owa තිබුණා ...ප්
‍
රසිද්ධියට පත් උනෙ අඩුවෙන් ...den wage A kale diunu නැහැනෙ ..den සිද්ධ වෙන දේවල් එදත් සිදු una..1විනඩියෙන් මිනිසුන් අතර යනවා .. වෙනස eakai.."
https://www.facebook.com/sinhala.adaderana.lk/videos/963045322677960,"අමු
මෙයා දැන්..","අමු
මෙයා දැන්.."
https://www.facebook.com/sinhala.adaderana.lk/videos/963045322677960,Ithin udin palayannko,Ithin udin palayannko
https://www.facebook.com/sinhala.adaderana.lk/videos/963045322677960,Toge appatamai bola mewata mulin atikale.,Toge appatamai bola mewata mulin atikale.
https://www.facebook.com/sinhala.adaderana.lk/videos/963045322677960,පියානෝ කල්ලි කීයක් හැදුවද...,පියානෝ කල්ලි කීයක් හැදුවද...
https://www.facebook.com/sinhala.adaderana.lk/videos/963045322677960,පාරෙ යන්න බැරිනම් උඩින් පලයන්,පාරෙ යන්න බැරිනම් උඩින් පලයන්
https://www.facebook.com/sinhala.adaderana.lk/videos/963045322677960,ඒ ඔබට,ඒ ඔබට
https://www.facebook.com/sinhala.adaderana.lk/videos/963045322677960,Thope appta hena gahnna ona ouwwata balla kiynne thope thaththata wesawa,Thope appta hena gahnna ona ouwwata balla kiynne thope thaththata wesawa
https://www.facebook.com/sinhala.adaderana.lk/videos/963045322677960,Pathale haduwe kawuda,Pathale haduwe kawuda
https://www.facebook.com/sinhala.adaderana.lk/videos/963045322677960,උඩින් යන්ඩ අනේ,උඩින් යන්ඩ අනේ
https://www.facebook.com/sinhala.adaderana.lk/videos/963045322677960,Oba othana awe iridibalenda ahenam,Oba othana awe iridibalenda ahenam
https://www.facebook.com/sinhala.adaderana.lk/videos/963045322677960,Ube Thaththage kale ..Api mathak karanna onada ..?????,Ube Thaththage kale ..Api mathak karanna onada ..?????
https://www.facebook.com/sinhala.adaderana.lk/videos/665098552674406,තව ඉස්සරහ ට තමයි අනික් සම්බාදක එන්නේ. අනුරයටයි ඌ ට චන්දෙ දුන්නු ගොම් අමනයින්ටයි පිං සිද්ද වෙන්න අපට ඒක අත්විදින්න පුළුවන් වෙයි ලගදීම,තව ඉස්සරහ ට තමයි අනික් සම්බාදක එන්නේ. අනුරයටයි ඌ ට චන්දෙ දුන්නු ගොම් අමනයින්ටයි පිං සිද්ද වෙන්න අපට ඒක අත්විදින්න පුළුවන් වෙයි ලගදීම
https://www.facebook.com/sinhala.adaderana.lk/videos/665098552674406,මුන්ට පේන්නේ නැද්ද අර ගසා තිරයේ සිවිල් වැසියන් මැරෙනවා අපේ ලන්කාවම අල්ලගෙන මැරෙන්න හදන්නේ,මුන්ට පේන්නේ නැද්ද අර ගසා තිරයේ සිවිල් වැසියන් මැරෙනවා අපේ ලන්කාවම අල්ලගෙන මැරෙන්න හදන්නේ
https://www.facebook.com/sinhala.adaderana.lk/videos/665098552674406,ගම්මානවල අහිංසක සිංහල මිනිසුන් කුරිරු අන්දමින් ඝාතනය කරපු LTTE රොඩියොන්ට මොකද කරන්නේ,ගම්මානවල අහිංසක සිංහල මිනිසුන් කුරිරු අන්දමින් ඝාතනය කරපු LTTE රොඩියොන්ට මොකද කරන්නේ
https://www.facebook.com/sinhala.adaderana.lk/videos/665098552674406,"මුං අපේ රටවල්වලින් හොරා කාලා හොරා කාලා ගිහිල්ලා යැපිච්ච හිගන ජාතියක්.
දැම්මේ පකුන් ටෝක්් දානවා.","මුං අපේ රටවල්වලින් හොරා කාලා හොරා කාලා ගිහිල්ලා යැපිච්ච හිගන ජාතියක්.
දැම්මේ පකුන් ටෝක්් දානවා."
https://www.facebook.com/sinhala.adaderana.lk/videos/665098552674406,"අවුලක් නෑ
හැබැයි එංගලන්තෙට බෑ.
ඊශ්
‍
රායල් වල බෙන්ජමින් නෙතන්යාහු තහනම්ම් කරන්න.","අවුලක් නෑ
හැබැයි එංගලන්තෙට බෑ.
ඊශ්
‍
රායල් වල බෙන්ජමින් නෙතන්යාහු තහනම්ම් කරන්න."
https://www.facebook.com/sinhala.adaderana.lk/videos/665098552674406,අනුනෙග පුකවල් හොය හොය ඉන්නව. Uk උන් දන්නෙ නැ උන්ට කෙල වෙනකන්. තව අවුරැදු 5 10 වනකොට මුස්ලිම් උන් මුන්ව අල්ලල ඉවරයි. එතකොට ඔය මානව හිමිකම් තේරෙයි.,අනුනෙග පුකවල් හොය හොය ඉන්නව. Uk උන් දන්නෙ නැ උන්ට කෙල වෙනකන්. තව අවුරැදු 5 10 වනකොට මුස්ලිම් උන් මුන්ව අල්ලල ඉවරයි. එතකොට ඔය මානව හිමිකම් තේරෙයි.
https://www.facebook.com/sinhala.adaderana.lk/videos/665098552674406,Dan harine okatane dagaluwe lankawe modayo,Dan harine okatane dagaluwe lankawe modayo
https://www.facebook.com/sinhala.adaderana.lk/videos/665098552674406,"News දාද්දි හරියට දාපන් එක්කෙනෙක්ගෙ විතරක් තනතුර දාන්න එපා, Admiral of the fleet වසන්ත කරන්නාගොඩ, General ජගත් ජයසුරිය, ඔය සම්බාදක වැටෙන්නෙ නම් ඉතින් ලංකාවේ රජයට වඩා ඩයස්පොරා එක ශක්තිමත් නිසයි","News දාද්දි හරියට දාපන් එක්කෙනෙක්ගෙ විතරක් තනතුර දාන්න එපා, Admiral of the fleet වසන්ත කරන්නාගොඩ, General ජගත් ජයසුරිය, ඔය සම්බාදක වැටෙන්නෙ නම් ඉතින් ලංකාවේ රජයට වඩා ඩයස්පොරා එක ශක්තිමත් නිසයි"
https://www.facebook.com/sinhala.adaderana.lk/videos/665098552674406,"ශ්
‍
රී ලංකාව වෙනුවෙන් මේ අවනඩුවට දැනට ඉන්න මාලිමා ආණ්ඩුව කටක් අරින් නැ.","ශ්
‍
රී ලංකාව වෙනුවෙන් මේ අවනඩුවට දැනට ඉන්න මාලිමා ආණ්ඩුව කටක් අරින් නැ."
https://www.facebook.com/sinhala.adaderana.lk/videos/665098552674406,අල්ජසීරා එකට ඕන උනෙි ඕවා කරන්නම තමයි,අල්ජසීරා එකට ඕන උනෙි ඕවා කරන්නම තමයි
https://www.facebook.com/sinhala.adaderana.lk/videos/665098552674406,ලපයා ඔක්කොම විසදයි...චන්දේ දුන්න ජෙප්පෝ බලා ගනිල්ලා....,ලපයා ඔක්කොම විසදයි...චන්දේ දුන්න ජෙප්පෝ බලා ගනිල්ලා....
https://www.facebook.com/sinhala.adaderana.lk/videos/665098552674406,"කිව්වෙ නම් මයින, ගෝත තනියම යුද්ධය
කළා කියල","කිව්වෙ නම් මයින, ගෝත තනියම යුද්ධය
කළා කියල"
https://www.facebook.com/sinhala.adaderana.lk/videos/665098552674406,කොටින්ගේ අත කොලු ඔය..අපි දන්නවා ඔව්වා,කොටින්ගේ අත කොලු ඔය..අපි දන්නවා ඔව්වා
https://www.facebook.com/sinhala.adaderana.lk/videos/665098552674406,යකුනේ සම්බාධක දාන එකෙන් වෙන්නේ මේ අයට එහේ යන්න බැරි එක විතරයි.ලංකාවේ නේද ඉන්නේ.කවුරුත් එලවලා නෑනේ.හිටපුදෙන් ලංකාවේ .,යකුනේ සම්බාධක දාන එකෙන් වෙන්නේ මේ අයට එහේ යන්න බැරි එක විතරයි.ලංකාවේ නේද ඉන්නේ.කවුරුත් එලවලා නෑනේ.හිටපුදෙන් ලංකාවේ .
https://www.facebook.com/sinhala.adaderana.lk/videos/665098552674406,"එදා Al-Jazeera එක රනිල් වටකරගෙන යුද අපරාධ කරා, Hospitals වලට බෝම්බ ගැහුවා කියද්දි අපේ යක්ක පුත්තු ටික ඒවා share කර කර හුරේ දැම්ම... Al-Jazeera මාධ්
‍
ය වේදියා Hero වුනා නේ... දැන්වත් තේරෙනද දන්නෑ Al-Jazeera වගේ අන්තවාදි මාධ්
‍
ය නාලිකා වලට ඕනෙ මොනවද කියල...","එදා Al-Jazeera එක රනිල් වටකරගෙන යුද අපරාධ කරා, Hospitals වලට බෝම්බ ගැහුවා කියද්දි අපේ යක්ක පුත්තු ටික ඒවා share කර කර හුරේ දැම්ම... Al-Jazeera මාධ්
‍
ය වේදියා Hero වුනා නේ... දැන්වත් තේරෙනද දන්නෑ Al-Jazeera වගේ අන්තවාදි මාධ්
‍
ය නාලිකා වලට ඕනෙ මොනවද කියල..."
https://www.facebook.com/sinhala.adaderana.lk/videos/665098552674406,අනුර ජනාධිපති කරා ඒ ඇති 68 ලක්ෂයට දැන් නින්ද යයි.,අනුර ජනාධිපති කරා ඒ ඇති 68 ලක්ෂයට දැන් නින්ද යයි.
https://www.facebook.com/sinhala.adaderana.lk/videos/665098552674406,"ලෝකේ තිබ්බ සශ්
‍
රීක ම රටවල් ටික අල්ලගෙන හුරගෙන මංකොල්ල කාලා..දැනටත් අහිංසක මිනිස්සු දහස් ගාණක් මරන්න සහයෝගය දීමට අපේ උන්ට මානව හිමිකම් ගැන පාඩම් කියා දෙනව..","ලෝකේ තිබ්බ සශ්
‍
රීක ම රටවල් ටික අල්ලගෙන හුරගෙන මංකොල්ල කාලා..දැනටත් අහිංසක මිනිස්සු දහස් ගාණක් මරන්න සහයෝගය දීමට අපේ උන්ට මානව හිමිකම් ගැන පාඩම් කියා දෙනව.."
https://www.facebook.com/sinhala.adaderana.lk/videos/665098552674406,යුද්ධ කරේ හමුදාව තනියමද බන්. LTTE එවුන් සිල්ගත්තද??,යුද්ධ කරේ හමුදාව තනියමද බන්. LTTE එවුන් සිල්ගත්තද??
https://www.facebook.com/sinhala.adaderana.lk/videos/665098552674406,යකූකූ යුද්දෙ කරා කිය කියා මැරෙන්න හැදුව ෆීල්ඩ් මාර්ෂල් සරත් ෆොන්සේකා නැද්ද බම්. ලිස්ට් එකේ.,යකූකූ යුද්දෙ කරා කිය කියා මැරෙන්න හැදුව ෆීල්ඩ් මාර්ෂල් සරත් ෆොන්සේකා නැද්ද බම්. ලිස්ට් එකේ.
https://www.facebook.com/sinhala.adaderana.lk/videos/665098552674406,"ශ්
‍
රී ලංකාවෙ ඉන්න පුලුවන්ද ඒ ඇති","ශ්
‍
රී ලංකාවෙ ඉන්න පුලුවන්ද ඒ ඇති"
https://www.facebook.com/sinhala.adaderana.lk/videos/665098552674406,රටක් ද ඉතින් hutte UK,රටක් ද ඉතින් hutte UK
https://www.facebook.com/sinhala.adaderana.lk/videos/665098552674406,ඉස්සර නම් මේවට කීවේ කොටි නැගිටිනවා කියලා.. අල්ජසීරා බටලන්දෙන් දුන් ඉගිය දැන් තේරුම් ගනිල්ලා,ඉස්සර නම් මේවට කීවේ කොටි නැගිටිනවා කියලා.. අල්ජසීරා බටලන්දෙන් දුන් ඉගිය දැන් තේරුම් ගනිල්ලා
https://www.facebook.com/sinhala.adaderana.lk/videos/665098552674406,"එතකොට මහින්ද නෙමේද යුද්දෙ නතර කරේ,එයාට දැන් ඉතින් කොහොමත් ඕවගේ ඇවිදින්න බෑනෙ.අපේ හමුදාවේ අයටනම් ඔය ගුබ්බෑයම් වල යන්න ඕන්නෑ,මෙහෙ සින්හයෝ වගේ ඉන්නේ.","එතකොට මහින්ද නෙමේද යුද්දෙ නතර කරේ,එයාට දැන් ඉතින් කොහොමත් ඕවගේ ඇවිදින්න බෑනෙ.අපේ හමුදාවේ අයටනම් ඔය ගුබ්බෑයම් වල යන්න ඕන්නෑ,මෙහෙ සින්හයෝ වගේ ඉන්නේ."
https://www.facebook.com/sinhala.adaderana.lk/videos/665098552674406,ගිහිල්ලා isral එකේ අහපං,ගිහිල්ලා isral එකේ අහපං
https://www.facebook.com/sinhala.adaderana.lk/videos/665098552674406,"ඩයස්පෝරාව බලවත් ,ආන්ඩුව නිහඬයු","ඩයස්පෝරාව බලවත් ,ආන්ඩුව නිහඬයු"
https://www.facebook.com/sinhala.adaderana.lk/videos/665098552674406,අපේ ලොක්කන්ගේ නිවට කම,අපේ ලොක්කන්ගේ නිවට කම
https://www.facebook.com/sinhala.adaderana.lk/videos/665098552674406,මාලුමාමට ජයවේවා ..,මාලුමාමට ජයවේවා ..
https://www.facebook.com/sinhala.adaderana.lk/videos/665098552674406,මොනවද මානව හිමිකම් අවියක් අරන් එනකොට නලවන්නද කියන්නෙ අහින්සක මිනිස්සු කොටින් පලිහකට තියා ගන්න ඇති උන්ගෙන් බේරිලා බාර වෙච්ච මිනිස්සුන්ට කාවත් කරදර කලේ නැහැ,මොනවද මානව හිමිකම් අවියක් අරන් එනකොට නලවන්නද කියන්නෙ අහින්සක මිනිස්සු කොටින් පලිහකට තියා ගන්න ඇති උන්ගෙන් බේරිලා බාර වෙච්ච මිනිස්සුන්ට කාවත් කරදර කලේ නැහැ
https://www.facebook.com/sinhala.adaderana.lk/videos/665098552674406,"එක්සත් රාජධානිය නැතුවට කමක් නෑ, කොටියට විරැද්ධ වුනනිසානේ මේ, මාලිමාවෙි අයට තහනම් නෑ, උනුත්=එල්ටීටීඊ","එක්සත් රාජධානිය නැතුවට කමක් නෑ, කොටියට විරැද්ධ වුනනිසානේ මේ, මාලිමාවෙි අයට තහනම් නෑ, උනුත්=එල්ටීටීඊ"
https://www.facebook.com/sinhala.adaderana.lk/videos/665098552674406,"මහින්ද ජනාධිපති සමග යුද්ධය කරපු අය...
මෙතන ජෙනරාල් නැත්තේ මොකද ?","මහින්ද ජනාධිපති සමග යුද්ධය කරපු අය...
මෙතන ජෙනරාල් නැත්තේ මොකද ?"
https://www.facebook.com/sinhala.adaderana.lk/videos/665098552674406,මුල අමතක වෙච්ච අයට අන්තිමට කවුරුවත් නෑ .......,මුල අමතක වෙච්ච අයට අන්තිමට කවුරුවත් නෑ .......
https://www.facebook.com/sinhala.adaderana.lk/videos/665098552674406,The UK should go and stuff it!,The UK should go and stuff it!
https://www.facebook.com/sinhala.adaderana.lk/videos/665098552674406,Ltte එක මානව හිමිකම් රැකලාද,Ltte එක මානව හිමිකම් රැකලාද
https://www.facebook.com/sinhala.adaderana.lk/videos/665098552674406,"ඊශ්
‍
රායල් ගාසා යුද්දෙ ගැන පේන්නෙ නෑ","ඊශ්
‍
රායල් ගාසා යුද්දෙ ගැන පේන්නෙ නෑ"
https://www.facebook.com/sinhala.adaderana.lk/videos/665098552674406,"සාමනය ව්
‍
යාප්ත කරයි pakk ඔකුන් අමු කොටි","සාමනය ව්
‍
යාප්ත කරයි pakk ඔකුන් අමු කොටි"
https://www.facebook.com/sinhala.adaderana.lk/videos/665098552674406,LANKAWE HAMUDAWATA SAMBADAKA DANA UNTAMAI OYA SAMBADAKA DANNA ONE,LANKAWE HAMUDAWATA SAMBADAKA DANA UNTAMAI OYA SAMBADAKA DANNA ONE
https://www.facebook.com/sinhala.adaderana.lk/videos/665098552674406,උන් ලොකේ ව්ටෙම කොල්ල කපුඑවට මොකද දන්නැ වෙන්නේ.,උන් ලොකේ ව්ටෙම කොල්ල කපුඑවට මොකද දන්නැ වෙන්නේ.
https://www.facebook.com/sinhala.adaderana.lk/videos/665098552674406,එක්සත් රාජදානියේ පka යලනෙ මානව හිමිකම් ගැන කතාකටරන්නෙ. 1818 මෙහෙ ඇවිත් දහස් ගනන් අපේ මිනිස්සු මරල අපේ වස්තුව කොල්ලකාගෙන ගිහින් දැන් මේ hllpla ලබ්බක් කියනව.,එක්සත් රාජදානියේ පka යලනෙ මානව හිමිකම් ගැන කතාකටරන්නෙ. 1818 මෙහෙ ඇවිත් දහස් ගනන් අපේ මිනිස්සු මරල අපේ වස්තුව කොල්ලකාගෙන ගිහින් දැන් මේ hllpla ලබ්බක් කියනව.
https://www.facebook.com/sinhala.adaderana.lk/videos/665098552674406,Ape un witarai unta penne..gaza wala minissu marana widiha ke...ri.suddonta penne..unta bayaine ekai,Ape un witarai unta penne..gaza wala minissu marana widiha ke...ri.suddonta penne..unta bayaine ekai
https://www.facebook.com/sinhala.adaderana.lk/videos/665098552674406,සනිපයිනි තව ලෙව කනවා,සනිපයිනි තව ලෙව කනවා
https://www.facebook.com/sinhala.adaderana.lk/videos/665098552674406,NPP ekata jayaweewa,NPP ekata jayaweewa
https://www.facebook.com/sinhala.adaderana.lk/videos/665098552674406,Okunta one sambadayak daganne kiyala ape hamuda nayakeyo API rakegatha yuthui wadak nathnam Ara palasthene prasne wesadanne keewanam hari,Okunta one sambadayak daganne kiyala ape hamuda nayakeyo API rakegatha yuthui wadak nathnam Ara palasthene prasne wesadanne keewanam hari
https://www.facebook.com/sinhala.adaderana.lk/videos/665098552674406,"ඊශ්
‍
රායල් එකට නැද්ද","ඊශ්
‍
රායල් එකට නැද්ද"
https://www.facebook.com/sinhala.adaderana.lk/videos/665098552674406,පුනරුදයෙන් ගව රැළක් ලැබූ විශාල ජයක්,පුනරුදයෙන් ගව රැළක් ලැබූ විශාල ජයක්
https://www.facebook.com/sinhala.adaderana.lk/videos/665098552674406,Kamak ne lankawa thiyanawa eyala lankawe idi,Kamak ne lankawa thiyanawa eyala lankawe idi
https://www.facebook.com/sinhala.adaderana.lk/videos/665098552674406,"Awulk nee Lankawe unuth balan inne ape unta kelawenakmne..Ranilta kochchara hina unada Aljasera eke chater una kiyla. Ea wage pinpiyo inne ape rate, dan hari sathutin athi","Awulk nee Lankawe unuth balan inne ape unta kelawenakmne..Ranilta kochchara hina unada Aljasera eke chater una kiyla. Ea wage pinpiyo inne ape rate, dan hari sathutin athi"
https://www.facebook.com/sinhala.adaderana.lk/videos/665098552674406,මමඒත් බැලුවා මොකද පරක්කු කියලා,මමඒත් බැලුවා මොකද පරක්කු කියලා
https://www.facebook.com/sinhala.adaderana.lk/videos/2147886828974020,උගේ චැනල් එකේ ඌ හැමදාම පොරටෝක් දෙනවා. හැබැයි අපිට නම් ගොං ආතල්...,උගේ චැනල් එකේ ඌ හැමදාම පොරටෝක් දෙනවා. හැබැයි අපිට නම් ගොං ආතල්...
https://www.facebook.com/sinhala.adaderana.lk/videos/2147886828974020,"ඔව් ඔව් ඔහෙලගෙ අනුග්
‍
රහයෙන් බලයට ගෙනාපු ආණ්ඩුවක් විද්
‍
යාත්මක කැබිනට්ටුවක් පත් කරපු හැටිත් ලක් ඉතිහාසයේ අපි දැක්කා....ඒ වගේ වෙන්න ඇති නේද ....අර සුමන කියන හාදයලත් ඉන්නෙ ඔය පැත්තේ නේද.... එහෙනම් බඩුම තමයි විද්
‍
යාත්මකම තමයි ඉතින්....","ඔව් ඔව් ඔහෙලගෙ අනුග්
‍
රහයෙන් බලයට ගෙනාපු ආණ්ඩුවක් විද්
‍
යාත්මක කැබිනට්ටුවක් පත් කරපු හැටිත් ලක් ඉතිහාසයේ අපි දැක්කා....ඒ වගේ වෙන්න ඇති නේද ....අර සුමන කියන හාදයලත් ඉන්නෙ ඔය පැත්තේ නේද.... එහෙනම් බඩුම තමයි විද්
‍
යාත්මකම තමයි ඉතින්...."
https://www.facebook.com/sinhala.adaderana.lk/videos/2147886828974020,"ගග පලාගෙන ආපු නයාට බෝතලේ පලාගෙන එන්න බැරිඋන හේතුව විද්
‍
යාත්මකව පහදපන් මුලින්...","ගග පලාගෙන ආපු නයාට බෝතලේ පලාගෙන එන්න බැරිඋන හේතුව විද්
‍
යාත්මකව පහදපන් මුලින්..."
https://www.facebook.com/sinhala.adaderana.lk/videos/2147886828974020,තොලොක හොරෙක්නෙ තොපි හදන රටවල්,තොලොක හොරෙක්නෙ තොපි හදන රටවල්
https://www.facebook.com/sinhala.adaderana.lk/videos/2147886828974020,"නයිනටවපු එකාට තියෙන්නේ විද්
‍
යාත්මකව ඇන්ටිජන්වලින් මාටියාගහපු එක.","නයිනටවපු එකාට තියෙන්නේ විද්
‍
යාත්මකව ඇන්ටිජන්වලින් මාටියාගහපු එක."
https://www.facebook.com/sinhala.adaderana.lk/videos/2147886828974020,සර්වජන බලය දිනවමු,සර්වජන බලය දිනවමු
https://www.facebook.com/sinhala.adaderana.lk/videos/2147886828974020,"විද්
‍
යාවට","විද්
‍
යාවට"
https://www.facebook.com/sinhala.adaderana.lk/videos/2147886828974020,ඕවා වැඩක් නෑ අපේ අනුර අයියා හදන්නෙ තාක්සනික වැසිකිලි.,ඕවා වැඩක් නෑ අපේ අනුර අයියා හදන්නෙ තාක්සනික වැසිකිලි.
https://www.facebook.com/sinhala.adaderana.lk/videos/2147886828974020,Moo lankawe ahinsaka minissunge minee walatath wagakiwayuthu parayek. Antigen hora.,Moo lankawe ahinsaka minissunge minee walatath wagakiwayuthu parayek. Antigen hora.
https://www.facebook.com/sinhala.adaderana.lk/videos/2147886828974020,pansal badagena deshapalanaya karanna epa.,pansal badagena deshapalanaya karanna epa.
https://www.facebook.com/sinhala.adaderana.lk/videos/2147886828974020,මුගෙ පම්පෝරි නම් මරැ.,මුගෙ පම්පෝරි නම් මරැ.
https://www.facebook.com/sinhala.adaderana.lk/videos/2147886828974020,"විද්
‍
යාත්මකද විජ්ජාත්මකද හරියට කියහන්","විද්
‍
යාත්මකද විජ්ජාත්මකද හරියට කියහන්"
https://www.facebook.com/sinhala.adaderana.lk/videos/2147886828974020,Hoda welawata derana uge une.naththan api danneth na mu thaniyama ganna me athal gana,Hoda welawata derana uge une.naththan api danneth na mu thaniyama ganna me athal gana
https://www.facebook.com/sinhala.adaderana.lk/videos/2147886828974020,රාජපක්ශලාගේ ආරක්ෂාවට හදපු විකුර්තිය..,රාජපක්ශලාගේ ආරක්ෂාවට හදපු විකුර්තිය..
https://www.facebook.com/sinhala.adaderana.lk/videos/2147886828974020,රටට ජාතියට ආදරේ නායකයෙක්,රටට ජාතියට ආදරේ නායකයෙක්
https://www.facebook.com/sinhala.adaderana.lk/videos/2147886828974020,සිද්දාර්ත මොකෙදිකියල අහඖ එකා ප සල් ගානේ,සිද්දාර්ත මොකෙදිකියල අහඖ එකා ප සල් ගානේ
https://www.facebook.com/sinhala.adaderana.lk/videos/2147886828974020,Bubu drmyth vwasakethwa,Bubu drmyth vwasakethwa
https://www.facebook.com/sinhala.adaderana.lk/videos/2147886828974020,පැණිබෝතලේකුත් අරන් ගියාද,පැණිබෝතලේකුත් අරන් ගියාද
https://www.facebook.com/sinhala.adaderana.lk/videos/2147886828974020,රටට වැඩ කරන්න දඟලන තරමක්,රටට වැඩ කරන්න දඟලන තරමක්
https://www.facebook.com/sinhala.adaderana.lk/videos/2147886828974020,ඇන්ටිජන්කිට්වගේද,ඇන්ටිජන්කිට්වගේද
https://www.facebook.com/sinhala.adaderana.lk/videos/2147886828974020,පන්සල් වලටත් Shot එක දෙන්න යන්නෙ,පන්සල් වලටත් Shot එක දෙන්න යන්නෙ
https://www.facebook.com/sinhala.adaderana.lk/videos/2147886828974020,කැලණියේ ගියේ නැතෙයි,කැලණියේ ගියේ නැතෙයි
https://www.facebook.com/sinhala.adaderana.lk/videos/2147886828974020,Apita thiyenne wedi wediyen nai arinna thawa wandha koththu grees yaka,Apita thiyenne wedi wediyen nai arinna thawa wandha koththu grees yaka
https://www.facebook.com/sinhala.adaderana.lk/videos/2147886828974020,Patta horaaa,Patta horaaa
https://www.facebook.com/sinhala.adaderana.lk/videos/2147886828974020,"ඒ පාර විද්
‍
යාත්මකව අරින්නද යන්නෙ","ඒ පාර විද්
‍
යාත්මකව අරින්නද යන්නෙ"
https://www.facebook.com/sinhala.adaderana.lk/videos/2147886828974020,බුදු සරනයි,බුදු සරනයි
https://www.facebook.com/sinhala.adaderana.lk/videos/2147886828974020,දැන් කැලණි යන්නේ නැතෙයි....,දැන් කැලණි යන්නේ නැතෙයි....
https://www.facebook.com/sinhala.adaderana.lk/videos/2147886828974020,Ow ow nai naaga loken gena eka sellam wedakda,Ow ow nai naaga loken gena eka sellam wedakda
https://www.facebook.com/sinhala.adaderana.lk/videos/2147886828974020,"විද්
‍
යාව මුන් ගැන දන්නවා නම්, ඔතන ඉන්න ඔක්කෝටම whkono","විද්
‍
යාව මුන් ගැන දන්නවා නම්, ඔතන ඉන්න ඔක්කෝටම whkono"
https://www.facebook.com/sinhala.adaderana.lk/videos/2147886828974020,මං හිතුව කැලණි පන්සල් කියලා,මං හිතුව කැලණි පන්සල් කියලා
https://www.facebook.com/sinhala.adaderana.lk/videos/2147886828974020,Rotiya.,Rotiya.
https://www.facebook.com/sinhala.adaderana.lk/videos/2147886828974020,"ව්
‍
යවසායකත්වයට මංපෙත් තනන එකම ප්
‍
රාදේශීය සභාවක් තනන සර්ව ජන බලය","ව්
‍
යවසායකත්වයට මංපෙත් තනන එකම ප්
‍
රාදේශීය සභාවක් තනන සර්ව ජන බලය"
https://www.facebook.com/sinhala.adaderana.lk/videos/2147886828974020,hora kanna ahamada,hora kanna ahamada
https://www.facebook.com/sinhala.adaderana.lk/videos/2147886828974020,එකනේ බෙහෙත් ටිකටත් කෙලියේ අයින්සක මිනිස්සුන්ගේ,එකනේ බෙහෙත් ටිකටත් කෙලියේ අයින්සක මිනිස්සුන්ගේ
https://www.facebook.com/sinhala.adaderana.lk/videos/2147886828974020,Lankawe hondama bhauddayo denna reno silva saha dilith jayaweera.,Lankawe hondama bhauddayo denna reno silva saha dilith jayaweera.
https://www.facebook.com/sinhala.adaderana.lk/videos/2147886828974020,කැලණියේ යන්නේ නැද්ද දැන්,කැලණියේ යන්නේ නැද්ද දැන්
https://www.facebook.com/sinhala.adaderana.lk/videos/1034291191851825,මෙ පාරත් මාලිමාවට,මෙ පාරත් මාලිමාවට
https://www.facebook.com/sinhala.adaderana.lk/videos/1034291191851825,මෙ ආන්ඩුවෙ කකුලෙන් අදින්නැතිව පැරදිච්ච එවුන් දැන්වත් මෙරට හදන්නදිල උදව්කරන්න බැරිනන් පැත්තකටවෙලා හිටහල්ල..නුබල අපි ආයෙත් ගෙන්නැ එකත් මතකතියාගනිල්ල.,මෙ ආන්ඩුවෙ කකුලෙන් අදින්නැතිව පැරදිච්ච එවුන් දැන්වත් මෙරට හදන්නදිල උදව්කරන්න බැරිනන් පැත්තකටවෙලා හිටහල්ල..නුබල අපි ආයෙත් ගෙන්නැ එකත් මතකතියාගනිල්ල.
https://www.facebook.com/sinhala.adaderana.lk/videos/1034291191851825,ගමත් මාලිමාවට,ගමත් මාලිමාවට
https://www.facebook.com/sinhala.adaderana.lk/videos/1034291191851825,"මාලිමාවට දෙන්නේ නැතුව පගාකාරයන්ට ආයේ බලය දිලා හැමදේටම අතම්ට මොලවන්න වෙන්නේ ,,ඒ දුෂිත ක්
‍
රමය ඕනේ වංචනිකයන්ට සාමාන්
‍
ය ජනයාට ඕනේ වෙනසක් ,,මාලිමාවට ජය","මාලිමාවට දෙන්නේ නැතුව පගාකාරයන්ට ආයේ බලය දිලා හැමදේටම අතම්ට මොලවන්න වෙන්නේ ,,ඒ දුෂිත ක්
‍
රමය ඕනේ වංචනිකයන්ට සාමාන්
‍
ය ජනයාට ඕනේ වෙනසක් ,,මාලිමාවට ජය"
https://www.facebook.com/sinhala.adaderana.lk/videos/1034291191851825,"මාස 4/5කින් කරපු හොරකම් ස්
‍
රේරම ක්
‍
රරන්න බැ අවුරුදු 5ක් තියෙනවා ඉන්න කලබල නොව්","මාස 4/5කින් කරපු හොරකම් ස්
‍
රේරම ක්
‍
රරන්න බැ අවුරුදු 5ක් තියෙනවා ඉන්න කලබල නොව්"
https://www.facebook.com/sinhala.adaderana.lk/videos/1034291191851825,මලිමවට ජයවේවා,මලිමවට ජයවේවා
https://www.facebook.com/sinhala.adaderana.lk/videos/1034291191851825,මුන්ට තිබුන ජන්දත් නැති උනා කියල හොඳටම තේරෙන මැතිවරණයක් වෙයි.....,මුන්ට තිබුන ජන්දත් නැති උනා කියල හොඳටම තේරෙන මැතිවරණයක් වෙයි.....
https://www.facebook.com/sinhala.adaderana.lk/videos/1034291191851825,Malimawata ජය වේවා .,Malimawata ජය වේවා .
https://www.facebook.com/sinhala.adaderana.lk/videos/1034291191851825,කොහොමද මිනිස්සු මේ හිටපිය උන් ටික ගහන බයිලේ. මේවට අහුවෙන මිනිස්සුත් ඉන්නවා ඉතින් ඈ පරිස්සමෙන් මුන්ට ඇඬෙන්න වැදිලා තියෙන්නේ කන් කඩා වැටෙන්න මේ පාරත් ගෙදර,කොහොමද මිනිස්සු මේ හිටපිය උන් ටික ගහන බයිලේ. මේවට අහුවෙන මිනිස්සුත් ඉන්නවා ඉතින් ඈ පරිස්සමෙන් මුන්ට ඇඬෙන්න වැදිලා තියෙන්නේ කන් කඩා වැටෙන්න මේ පාරත් ගෙදර
https://www.facebook.com/sinhala.adaderana.lk/videos/1034291191851825,"Ubalage Raja thumage disthrikke
Hambanthota paul kiyakata wesi kili
Nedda hoyala katha karapan","Ubalage Raja thumage disthrikke
Hambanthota paul kiyakata wesi kili
Nedda hoyala katha karapan"
https://www.facebook.com/sinhala.adaderana.lk/videos/1034291191851825,SJB ta Jaya,SJB ta Jaya
https://www.facebook.com/sinhala.adaderana.lk/videos/1034291191851825,apith malimawat,apith malimawat
https://www.facebook.com/sinhala.adaderana.lk/videos/1034291191851825,බගමු බපමු. ෙකටා පරාදයි,බගමු බපමු. ෙකටා පරාදයි
https://www.facebook.com/sinhala.adaderana.lk/videos/1034291191851825,Ane amme keri jeppo,Ane amme keri jeppo
https://www.facebook.com/sinhala.adaderana.lk/videos/1034291191851825,Adure gihilla chande denna onne chande thiyanna dawal waruwe neda,Adure gihilla chande denna onne chande thiyanna dawal waruwe neda
https://www.facebook.com/sinhala.adaderana.lk/videos/1034291191851825,හොරැ එහෙම තමයි කිවිවෙි,හොරැ එහෙම තමයි කිවිවෙි
https://www.facebook.com/sinhala.adaderana.lk/videos/1034291191851825,මං අහගෙන තවත් එකෙක් කියනවා අර උඩහා ඈත පළාතේ පන්සලක මේ දානේ වේල තහනම් කරලා කියලා. ඒ කියන්නේ ජනතාවගේ මතයක් හදන්න හදන්නේ ආණ්ඩුව හොඳ නෑ කියලා ආණ්ඩුව බංකොලොත් කියලා තිස්ස විහාර,මං අහගෙන තවත් එකෙක් කියනවා අර උඩහා ඈත පළාතේ පන්සලක මේ දානේ වේල තහනම් කරලා කියලා. ඒ කියන්නේ ජනතාවගේ මතයක් හදන්න හදන්නේ ආණ්ඩුව හොඳ නෑ කියලා ආණ්ඩුව බංකොලොත් කියලා තිස්ස විහාර
https://www.facebook.com/sinhala.adaderana.lk/videos/1034291191851825,බඩු මිල අඩු කරපියවු ගියාසරේ අපිත් දුන්න බොරු වලට රැවටිලා,බඩු මිල අඩු කරපියවු ගියාසරේ අපිත් දුන්න බොරු වලට රැවටිලා
https://www.facebook.com/sinhala.adaderana.lk/videos/1034291191851825,Haiyyyooo sajiiiii,Haiyyyooo sajiiiii
https://www.facebook.com/sinhala.adaderana.lk/videos/669829485538615,"නෑ ! නෑ ! ඒවා "" ක්ලීන් school "" කියල ගනීවි !","නෑ ! නෑ ! ඒවා "" ක්ලීන් school "" කියල ගනීවි !"
https://www.facebook.com/sinhala.adaderana.lk/videos/669829485538615,"කිසිම දවසක ක්ලීන් කරන්න බෑ ලංකාව,Lankawe බොහොමයක් kemathi ක්ලීන් නොව්න ලංකවට","කිසිම දවසක ක්ලීන් කරන්න බෑ ලංකාව,Lankawe බොහොමයක් kemathi ක්ලීන් නොව්න ලංකවට"
https://www.facebook.com/photo?fbid=1095411485944887&set=a.356928166459893,"වෙන්න ඕනි දේවල්, ඒ රටවල් ආවට ගියාට ඕවා කරන්නෙ නෑනි","වෙන්න ඕනි දේවල්, ඒ රටවල් ආවට ගියාට ඕවා කරන්නෙ නෑනි"
https://www.facebook.com/photo?fbid=1095411485944887&set=a.356928166459893,"The UK's recent sanctions against General Shavendra Silva and General Jagath Jayasuriya, 15 years after the conclusion of Sri Lanka's civil war, are both unjust and ill timed. These commanders were instrumental in defeating the LTTE, a terrorist organi… See more","The UK's recent sanctions against General Shavendra Silva and General Jagath Jayasuriya, 15 years after the conclusion of Sri Lanka's civil war, are both unjust and ill timed. These commanders were instrumental in defeating the LTTE, a terrorist organi… See more"
https://www.facebook.com/photo?fbid=1095411485944887&set=a.356928166459893,කලින් ඇමරිකාවෙනුත් දාලා තිබුණා,කලින් ඇමරිකාවෙනුත් දාලා තිබුණා
https://www.facebook.com/photo?fbid=1095411485944887&set=a.356928166459893,ඩයස්පෝරාවේ ලංකා ඒජන්ත මාලිමාවට ජයවේවා,ඩයස්පෝරාවේ ලංකා ඒජන්ත මාලිමාවට ජයවේවා
https://www.facebook.com/photo?fbid=1095411485944887&set=a.356928166459893,අපේ විරුවො...අපිට කල සේවය අමරණීයයි...ඔබට එරෙහිවන පරයන් හෙළාදකින්නෙමු,අපේ විරුවො...අපිට කල සේවය අමරණීයයි...ඔබට එරෙහිවන පරයන් හෙළාදකින්නෙමු
https://www.facebook.com/photo?fbid=1095411485944887&set=a.356928166459893,"From ancient times to the present day, the British have been a very kind and just nation. Never in their history have they brutally killed innocent people in other countries and robbed those countries. Since they are so good, they really have a duty to… See more","From ancient times to the present day, the British have been a very kind and just nation. Never in their history have they brutally killed innocent people in other countries and robbed those countries. Since they are so good, they really have a duty to… See more"
https://www.facebook.com/photo?fbid=1095411485944887&set=a.356928166459893,එදා රනිල් තනිවම මුහුණ දුන්නේ මෙි අය බෙිරාගන්න තමයි,එදා රනිල් තනිවම මුහුණ දුන්නේ මෙි අය බෙිරාගන්න තමයි
https://www.facebook.com/photo?fbid=1095411485944887&set=a.356928166459893,ඒ කාට දැම්මත් සරත් ෆොන්සේකට දාන්නෑ.. ඇයි ඒ..,ඒ කාට දැම්මත් සරත් ෆොන්සේකට දාන්නෑ.. ඇයි ඒ..
https://www.facebook.com/photo?fbid=1095411485944887&set=a.356928166459893,කොටියාට තාමත් අපේ එවුන් කඩෙ යනවා නෙ,කොටියාට තාමත් අපේ එවුන් කඩෙ යනවා නෙ
https://www.facebook.com/photo?fbid=1095411485944887&set=a.356928166459893,"Uk , කැනඩා , ප්
‍
රංශ කියන්නෙ කොටින්ට සපෝට් රටවල් , මං හිතන්නෙ ඒක වෙන්න ඇති","Uk , කැනඩා , ප්
‍
රංශ කියන්නෙ කොටින්ට සපෝට් රටවල් , මං හිතන්නෙ ඒක වෙන්න ඇති"
https://www.facebook.com/photo?fbid=1095411485944887&set=a.356928166459893,මොන බාදක දැන්මත් අපේ රජවරු මේ ..උන් මොනදේ කිඋවත් ඔබව රකිනවා හැහදාමත්,මොන බාදක දැන්මත් අපේ රජවරු මේ ..උන් මොනදේ කිඋවත් ඔබව රකිනවා හැහදාමත්
https://www.facebook.com/photo?fbid=1095411485944887&set=a.356928166459893,යුද්දෙ තනියම කරා කිව්ව කෙනාට කිසි අවුලක් නෑ..ඒකෙත් හැටි,යුද්දෙ තනියම කරා කිව්ව කෙනාට කිසි අවුලක් නෑ..ඒකෙත් හැටි
https://www.facebook.com/photo?fbid=1095411485944887&set=a.356928166459893,"ඔබ කවිරු වුණත් ලංකාවේ අයට මතක සුමානයයි
සමහර comment","ඔබ කවිරු වුණත් ලංකාවේ අයට මතක සුමානයයි
සමහර comment"
https://www.facebook.com/photo?fbid=1095411485944887&set=a.356928166459893,සමහරක්ට කරුණා අම්මානුත් රණවිරුවෙක්..,සමහරක්ට කරුණා අම්මානුත් රණවිරුවෙක්..
https://www.facebook.com/photo?fbid=1095411485944887&set=a.356928166459893,රජයේ මැදිහත්වීම බලමු නේද,රජයේ මැදිහත්වීම බලමු නේද
https://www.facebook.com/photo?fbid=1095411485944887&set=a.356928166459893,"එක්සත් රාජදානිය කියන්නෙම කොටි හඩනෙ,who care","එක්සත් රාජදානිය කියන්නෙම කොටි හඩනෙ,who care"
https://www.facebook.com/photo?fbid=1095411485944887&set=a.356928166459893,Gaza strip ekata rohal walata bomba helanawa burutha pitin manushya ghathana ...ewata videsratawal kawrut kataa ne..ape rata yatath vijithayak karala ape minissunwa marapu engalanthe lankawata nayagewannaona ekaale ape ratata kala vinaseta,Gaza strip ekata rohal walata bomba helanawa burutha pitin manushya ghathana ...ewata videsratawal kawrut kataa ne..ape rata yatath vijithayak karala ape minissunwa marapu engalanthe lankawata nayagewannaona ekaale ape ratata kala vinaseta
https://www.facebook.com/photo?fbid=1095411485944887&set=a.356928166459893,"ඔව්..ඔව් තව එනවා
අපේ රණව් රැවන්ට ව්
‍
රැද්දව..
ඩයස් අයියාගේ කට්ට්
‍
ය","ඔව්..ඔව් තව එනවා
අපේ රණව් රැවන්ට ව්
‍
රැද්දව..
ඩයස් අයියාගේ කට්ට්
‍
ය"
https://www.facebook.com/photo?fbid=1095411485944887&set=a.356928166459893,රණවිරුවන්ට මෙහෙමද සලකන්නෙ?,රණවිරුවන්ට මෙහෙමද සලකන්නෙ?
https://www.facebook.com/photo?fbid=1095411485944887&set=a.356928166459893,Kawda UK yanne me kale,Kawda UK yanne me kale
https://www.facebook.com/photo?fbid=1095411485944887&set=a.356928166459893,"Rata wenasa korapu ewungea sambadaka thiyaganna keyamu . Rata reakagath weruwan api reakagamu .jeewethea watinama kalaya
thrasthawadaya neathikereemata dandun miissu ! Karapu seawaya agayamu !","Rata wenasa korapu ewungea sambadaka thiyaganna keyamu . Rata reakagath weruwan api reakagamu .jeewethea watinama kalaya
thrasthawadaya neathikereemata dandun miissu ! Karapu seawaya agayamu !"
https://www.facebook.com/photo?fbid=1095411485944887&set=a.356928166459893,හොද වෙලාවට මගෙ නම නෑ යන්න පුලුවන් බයක් නැතිව,හොද වෙලාවට මගෙ නම නෑ යන්න පුලුවන් බයක් නැතිව
https://www.facebook.com/photo?fbid=1095411485944887&set=a.356928166459893,Anura kiwane ape rate හමුදාව ewara kare uddayak nwe kiyala eth den kiyawi ehema kiwe ne kiyala ....,Anura kiwane ape rate හමුදාව ewara kare uddayak nwe kiyala eth den kiyawi ehema kiwe ne kiyala ....
https://www.facebook.com/photo?fbid=1095411485944887&set=a.356928166459893,"කිසි දෙයකට බයෙන්ඩ එපා දැන් අනුර ඉන්නේ විදේශ ඇමතිව දම්මලා රාජතාන්තික වැඩපිළිවෙළක් හදයි
බලන්ඩ සතියෙන් ඉවත් කරගන්නවා අනුර","කිසි දෙයකට බයෙන්ඩ එපා දැන් අනුර ඉන්නේ විදේශ ඇමතිව දම්මලා රාජතාන්තික වැඩපිළිවෙළක් හදයි
බලන්ඩ සතියෙන් ඉවත් කරගන්නවා අනුර"
https://www.facebook.com/photo?fbid=1095411485944887&set=a.356928166459893,පර සුද්දන්ට කඩේ යන්නැතුව මේ පිං බිමේ.අල කොළ කාල හරි හිටපල්ල .....ආත්ම ගෞරවය බේර ගෙන !,පර සුද්දන්ට කඩේ යන්නැතුව මේ පිං බිමේ.අල කොළ කාල හරි හිටපල්ල .....ආත්ම ගෞරවය බේර ගෙන !
https://www.facebook.com/photo?fbid=1095411485944887&set=a.356928166459893,හිතේ ඇති ඕකේ සම්භාදක දැම්මාම වෙන යන්න රටවල් නැති වෙයි කියලා,හිතේ ඇති ඕකේ සම්භාදක දැම්මාම වෙන යන්න රටවල් නැති වෙයි කියලා
https://www.facebook.com/photo?fbid=1095411485944887&set=a.356928166459893,හරි නා⁣යකයෙක් නැති රටකට ඔයිට වඩා දේවල් වෙයි,හරි නා⁣යකයෙක් නැති රටකට ඔයිට වඩා දේවල් වෙයි
https://www.facebook.com/photo?fbid=1095411485944887&set=a.356928166459893,"අපේ මෝඩයො හිතන්නෙ කොටි නැගිටින්නෙ මහින්ද ගේන්න උනාම කියලා
දැන් තේරෙනවද දන්නෙ නැ විදේශ රටවල්වලින් තියෙන බලපෑම මොන වගේද කියලා","අපේ මෝඩයො හිතන්නෙ කොටි නැගිටින්නෙ මහින්ද ගේන්න උනාම කියලා
දැන් තේරෙනවද දන්නෙ නැ විදේශ රටවල්වලින් තියෙන බලපෑම මොන වගේද කියලා"
https://www.facebook.com/photo?fbid=1095411485944887&set=a.356928166459893,"මුන් ලවා අවශ්
‍
ය වැඩෙත් කරගෙන ඉජෙක්ෂන් එකත් ගැහුව.
කාටත් හොඳ පාඩමක් දෙපිටකාට්ටු වැඩ කරනවට.","මුන් ලවා අවශ්
‍
ය වැඩෙත් කරගෙන ඉජෙක්ෂන් එකත් ගැහුව.
කාටත් හොඳ පාඩමක් දෙපිටකාට්ටු වැඩ කරනවට."
https://www.facebook.com/photo?fbid=1095411485944887&set=a.356928166459893,එල.මුං රාජපක්ශ හොරු එක්ක දීල් දාල ගේම් ගහපු හොරු,එල.මුං රාජපක්ශ හොරු එක්ක දීල් දාල ගේම් ගහපු හොරු
https://www.facebook.com/photo?fbid=1095411485944887&set=a.356928166459893,Dobilata Dan ninda yai.,Dobilata Dan ninda yai.
https://www.facebook.com/photo?fbid=1095411485944887&set=a.356928166459893,ගසා තීරයේ අමු අමුවේ කිරි සප්පයෝ මැරෙනවා..රොහල්.වලට බෝම්බ ගහනවා...නැතිද.මානව හිමිකමක් ඒ මැරෙන ලමයින්ට මිනිස්සුන්ට...(කරුනා වෙනුවෙන් නෙවයි),ගසා තීරයේ අමු අමුවේ කිරි සප්පයෝ මැරෙනවා..රොහල්.වලට බෝම්බ ගහනවා...නැතිද.මානව හිමිකමක් ඒ මැරෙන ලමයින්ට මිනිස්සුන්ට...(කරුනා වෙනුවෙන් නෙවයි)
https://www.facebook.com/photo?fbid=1095411485944887&set=a.356928166459893,"ගෝඨා ගෙදර යවන්ට ජුලීට වැඩ කල අයට මොන සම්බාදකද, ඕවා ජනතාවගෙ ඇස් අන්දන ප්
‍
රවෘත්ති විතරයි","ගෝඨා ගෙදර යවන්ට ජුලීට වැඩ කල අයට මොන සම්බාදකද, ඕවා ජනතාවගෙ ඇස් අන්දන ප්
‍
රවෘත්ති විතරයි"
https://www.facebook.com/photo?fbid=1095411485944887&set=a.356928166459893,Gobbayek raja unama mehema wenawa thawa dipalla tom pachayata chande,Gobbayek raja unama mehema wenawa thawa dipalla tom pachayata chande
https://www.facebook.com/photo?fbid=1095411485944887&set=a.356928166459893,නොදොකින් මෙ ආණ්ඩුව,නොදොකින් මෙ ආණ්ඩුව
https://www.facebook.com/photo?fbid=1095411485944887&set=a.356928166459893,ඩයස්පොරා ආතල් ගන්නවා,ඩයස්පොරා ආතල් ගන්නවා
https://www.facebook.com/photo?fbid=1095411485944887&set=a.356928166459893,උන්ට බම්බුගහ ගන්න කියහන්,උන්ට බම්බුගහ ගන්න කියහන්
https://www.facebook.com/photo?fbid=1095411485944887&set=a.356928166459893,Week leadership comes it happens.,Week leadership comes it happens.
https://www.facebook.com/photo?fbid=1095411485944887&set=a.356928166459893,"ඇමරිකාවටයි එවුන්ට හිතවත් රාජ්
‍
යයන් වලටයි නිදහසේ මිනීමරන්න බලපත්
‍
ර දුන්න මේ ක්
‍
රමයට දැන්වත් විරුද්ධ වෙයන්.","ඇමරිකාවටයි එවුන්ට හිතවත් රාජ්
‍
යයන් වලටයි නිදහසේ මිනීමරන්න බලපත්
‍
ර දුන්න මේ ක්
‍
රමයට දැන්වත් විරුද්ධ වෙයන්."
https://www.facebook.com/photo?fbid=1095411485944887&set=a.356928166459893,Me ape rate ranaviruwo.nikan newei diviparaduwata tiyala kotiekka face to face satankarala ada mehema apita inna ratakhadala dunne meminissu.enisa me viruwonta mehemadewal karanne ai kiyala warthamana palakayo hoyala balanna one.kaiwaruviruwo wenuwata … See more,Me ape rate ranaviruwo.nikan newei diviparaduwata tiyala kotiekka face to face satankarala ada mehema apita inna ratakhadala dunne meminissu.enisa me viruwonta mehemadewal karanne ai kiyala warthamana palakayo hoyala balanna one.kaiwaruviruwo wenuwata … See more
https://www.facebook.com/photo?fbid=1095411485944887&set=a.356928166459893,හොරා කාලා පැනලා යන දේශපාලුවන්ට දාන්න ඕනි.,හොරා කාලා පැනලා යන දේශපාලුවන්ට දාන්න ඕනි.
https://www.facebook.com/photo?fbid=1095411485944887&set=a.356928166459893,ඇයි පරක්කු වුනේ මෙච්චර යුද්ධය ඉවර වෙලා වසර15 යනකම්,ඇයි පරක්කු වුනේ මෙච්චර යුද්ධය ඉවර වෙලා වසර15 යනකම්
https://www.facebook.com/photo?fbid=1095411485944887&set=a.356928166459893,පිල්ලියාන්ටත් දාල කියල කියපන්,පිල්ලියාන්ටත් දාල කියල කියපන්
https://www.facebook.com/photo?fbid=1095411485944887&set=a.356928166459893,දැන් වත් තෙරුමි ගනිවිද බලමු,දැන් වත් තෙරුමි ගනිවිද බලමු
https://www.facebook.com/photo?fbid=1095411485944887&set=a.356928166459893,මාස හයයි ගියේ???.,මාස හයයි ගියේ???.
https://www.facebook.com/photo?fbid=1095411485944887&set=a.356928166459893,අලුතින් දාපු ඒවා වෙන්න ඇති .,අලුතින් දාපු ඒවා වෙන්න ඇති .
https://www.facebook.com/photo?fbid=1095411485944887&set=a.356928166459893,Karunot,Karunot
https://www.facebook.com/photo?fbid=1095411485944887&set=a.356928166459893,"RATA BERA GATHTHATA THAGAK, DENNA VENNA ATHI.( MUST BE TO GIVE A GIFT FOR SAVING D COUNTRY)THEY R GREAT SOLDIERS,WHO DEMOLISHED A RUTHLESS TERRORIST ORGANISATION.","RATA BERA GATHTHATA THAGAK, DENNA VENNA ATHI.( MUST BE TO GIVE A GIFT FOR SAVING D COUNTRY)THEY R GREAT SOLDIERS,WHO DEMOLISHED A RUTHLESS TERRORIST ORGANISATION."
https://www.facebook.com/photo?fbid=1095411485944887&set=a.356928166459893,Karyn. Maina. Monday.denava.keve,Karyn. Maina. Monday.denava.keve
https://www.facebook.com/photo?fbid=1095381025947933&set=a.356928166459893,"රනිල් කොයි විදියට හරි චන්දෙ තියන්න ගත්තු තීරණය නිසා , අද වනවිට ජනහාව පහසුවෙන් ජීවත් වෙනවා.","රනිල් කොයි විදියට හරි චන්දෙ තියන්න ගත්තු තීරණය නිසා , අද වනවිට ජනහාව පහසුවෙන් ජීවත් වෙනවා."
https://www.facebook.com/photo?fbid=1095381025947933&set=a.356928166459893,"වළදන්නේ තනකොළ වගේ,, ඒකයි ඔච්චර පහසුවක් දැනෙන්නේ,","වළදන්නේ තනකොළ වගේ,, ඒකයි ඔච්චර පහසුවක් දැනෙන්නේ,"
https://www.facebook.com/photo?fbid=1095381025947933&set=a.356928166459893,පරම්පරාවක් තිබුණා නම් නැවත බටලන්දක් ඇති වෙන්න ඉඩ තිබුනා.,පරම්පරාවක් තිබුණා නම් නැවත බටලන්දක් ඇති වෙන්න ඉඩ තිබුනා.
https://www.facebook.com/photo?fbid=1095381025947933&set=a.356928166459893,"""ජනතාව බදු ගෙවපු නිසා""","""ජනතාව බදු ගෙවපු නිසා"""
https://www.facebook.com/photo?fbid=1095381025947933&set=a.356928166459893,කීයක් හරි දුන්නම සාධු ඕනෙ දෙයක් කියයි,කීයක් හරි දුන්නම සාධු ඕනෙ දෙයක් කියයි
https://www.facebook.com/photo?fbid=1095381025947933&set=a.356928166459893,"හාමුදුරුවනේ , රනිල් සරනන් gachchami da.","හාමුදුරුවනේ , රනිල් සරනන් gachchami da."
https://www.facebook.com/photo?fbid=1095381025947933&set=a.356928166459893,Peteol Diesel 400/- කිට්ටුවට ගෙනල්ල Payee Tax ගෙනල්ල vat 18% කරලා bank loan rate 35% කිට්ටුවට ගෙනල්ල පුදුම පහසුවක් දුන්නේ,Peteol Diesel 400/- කිට්ටුවට ගෙනල්ල Payee Tax ගෙනල්ල vat 18% කරලා bank loan rate 35% කිට්ටුවට ගෙනල්ල පුදුම පහසුවක් දුන්නේ
https://www.facebook.com/photo?fbid=1095381025947933&set=a.356928166459893,අනෙ මෙ හාමුදුරුවනේ,අනෙ මෙ හාමුදුරුවනේ
https://www.facebook.com/photo?fbid=1095381025947933&set=a.356928166459893,පුදුමාකාර පහසුවකින් ජනතාව ජීවත් වෙන්නෙ.....,පුදුමාකාර පහසුවකින් ජනතාව ජීවත් වෙන්නෙ.....
https://www.facebook.com/photo?fbid=1095381025947933&set=a.356928166459893,Mehema katha karana mounta kohoma thalanna oneda. Vandi battayo kauru unath. Molayak nethi mi harak. AKD President nouna nam rata melhakatath ivarayi,Mehema katha karana mounta kohoma thalanna oneda. Vandi battayo kauru unath. Molayak nethi mi harak. AKD President nouna nam rata melhakatath ivarayi
https://www.facebook.com/photo?fbid=1095381025947933&set=a.356928166459893,ජනතාව නෙමෙයි.....134,ජනතාව නෙමෙයි.....134
https://www.facebook.com/photo?fbid=1095381025947933&set=a.356928166459893,සල්ලි ගස් හිටවන්න ඕනෙ. පුදුම පහසුවක් ඒක නම්.,සල්ලි ගස් හිටවන්න ඕනෙ. පුදුම පහසුවක් ඒක නම්.
https://www.facebook.com/photo?fbid=1095381025947933&set=a.356928166459893,එ් අමාරුව අැති කලෙත් ඔය හාදයම නේද ?,එ් අමාරුව අැති කලෙත් ඔය හාදයම නේද ?
https://www.facebook.com/photo?fbid=1095381025947933&set=a.356928166459893,එක්ස්කියුස්මී ඩොලර් සාදු...,එක්ස්කියුස්මී ඩොලර් සාදු...
https://www.facebook.com/photo?fbid=1095381025947933&set=a.356928166459893,ජනතාවගේ ජීවිතය පහසු කරේ අවුරුදු 45ක දේශපාලන ජීවිතයෙන් පසුව,ජනතාවගේ ජීවිතය පහසු කරේ අවුරුදු 45ක දේශපාලන ජීවිතයෙන් පසුව
https://www.facebook.com/photo?fbid=1095381025947933&set=a.356928166459893,හිටගෙන ද ගත්තේ,හිටගෙන ද ගත්තේ
https://www.facebook.com/photo?fbid=1095381025947933&set=a.356928166459893,God bless you sir,God bless you sir
https://www.facebook.com/photo?fbid=1095381025947933&set=a.356928166459893,Hamuduruwane musawada nokiya inna,Hamuduruwane musawada nokiya inna
https://www.facebook.com/photo?fbid=1095381025947933&set=a.356928166459893,"Hari pahasuyi gewal gingaththa kiyala uge ewunta koti ganan janathawage Badu mudal walin wandhi gewala ,laksha gananka kaju kala janathawata pati thadakaragena 2048 wenakam inna kiwwa ,hamuduruwantanam ithin ranilata wagema nikan okkoma labenawane ith… See more","Hari pahasuyi gewal gingaththa kiyala uge ewunta koti ganan janathawage Badu mudal walin wandhi gewala ,laksha gananka kaju kala janathawata pati thadakaragena 2048 wenakam inna kiwwa ,hamuduruwantanam ithin ranilata wagema nikan okkoma labenawane ith… See more"
https://www.facebook.com/photo?fbid=1095381025947933&set=a.356928166459893,පුදුම සැපක් තියෙන්නෙ,පුදුම සැපක් තියෙන්නෙ
https://www.facebook.com/photo?fbid=1095381025947933&set=a.356928166459893,"Niddakin, vitarak,,","Niddakin, vitarak,,"
https://www.facebook.com/photo?fbid=1095381025947933&set=a.356928166459893,හොදමයි අපේ හාමුදුරුවනේ..,හොදමයි අපේ හාමුදුරුවනේ..
https://www.facebook.com/photo?fbid=1095381025947933&set=a.356928166459893,"Samahara sangaya wahanselage hesireema
awul sahagathaie .","Samahara sangaya wahanselage hesireema
awul sahagathaie ."
https://www.facebook.com/photo?fbid=1095381025947933&set=a.356928166459893,මාලිමාව ආවම බුද්දාගම ඉවරෙටම ඉවරයි කියපු දොඩම්පහල මුදලාලි නේද මේ..,මාලිමාව ආවම බුද්දාගම ඉවරෙටම ඉවරයි කියපු දොඩම්පහල මුදලාලි නේද මේ..
https://www.facebook.com/photo?fbid=1095381025947933&set=a.356928166459893,"කුසට සාගිනි...හදට සෝගිනි...
ඉනට වැරහැලි කැබලි පෙන්නා...
සතුටු සොම්නසින් ගෙවූ කාලය ගිහිල්ලා ...… See more","කුසට සාගිනි...හදට සෝගිනි...
ඉනට වැරහැලි කැබලි පෙන්නා...
සතුටු සොම්නසින් ගෙවූ කාලය ගිහිල්ලා ...… See more"
https://www.facebook.com/photo?fbid=1095381025947933&set=a.356928166459893,මම පවට හරි බයයි නැති නම් ඔබ වහන්සෙට අමතන හැටි දනි,මම පවට හරි බයයි නැති නම් ඔබ වහන්සෙට අමතන හැටි දනි
https://www.facebook.com/photo?fbid=1095381025947933&set=a.356928166459893,ඔව් ඔව් පහසුවෙන් ජීවත් උනා ඇමති මණ්ඩලයයි. උන්ට කඩේ ගිය ඔබ වහන්සේලයි .,ඔව් ඔව් පහසුවෙන් ජීවත් උනා ඇමති මණ්ඩලයයි. උන්ට කඩේ ගිය ඔබ වහන්සේලයි .
https://www.facebook.com/photo?fbid=1095381025947933&set=a.356928166459893,"මෙවුන් චීවරයට සුදුසු නැහැ,නිකම්ම කහකඩයො විතරයි.","මෙවුන් චීවරයට සුදුසු නැහැ,නිකම්ම කහකඩයො විතරයි."
https://www.facebook.com/photo?fbid=1095381025947933&set=a.356928166459893,"කකුල කඩපු එකාම රෝද පුටුවක් දුන්නාම මාර පරිත්
‍
යාගශීලියෙක් , දානපතියෙක්, පින්වන්තයෙක් කියන උන් හිටියා
ඉස්සර .. … See more","කකුල කඩපු එකාම රෝද පුටුවක් දුන්නාම මාර පරිත්
‍
යාගශීලියෙක් , දානපතියෙක්, පින්වන්තයෙක් කියන උන් හිටියා
ඉස්සර .. … See more"
https://www.facebook.com/photo?fbid=1095381025947933&set=a.356928166459893,නාකි වෙනකම්ම බැරිවෙච්ච මිනිහ වලපයයි ගොඩපයයි තියන කොටයි හරි තීන්දුව ගන්න පුලුවන්වෙලා තියෙන්නෙ උන්තමයි මේතත්වය රටට හිමිකලේ ටිකක්හරි මේ තත්ත්වය අනුරට පිංසිද්ධ වෙන්න බයටම එන්න උනා අනුර මිනිහෙක් නොවේ දෙවියෙක්!!,නාකි වෙනකම්ම බැරිවෙච්ච මිනිහ වලපයයි ගොඩපයයි තියන කොටයි හරි තීන්දුව ගන්න පුලුවන්වෙලා තියෙන්නෙ උන්තමයි මේතත්වය රටට හිමිකලේ ටිකක්හරි මේ තත්ත්වය අනුරට පිංසිද්ධ වෙන්න බයටම එන්න උනා අනුර මිනිහෙක් නොවේ දෙවියෙක්!!
https://www.facebook.com/photo?fbid=1095381025947933&set=a.356928166459893,අනේ මන්ද මෙච්චර රටට විනාසයක් කරලත් මුන්ට කඩේ යන V.8 බබාලා තවමත් ඉන්නවා,අනේ මන්ද මෙච්චර රටට විනාසයක් කරලත් මුන්ට කඩේ යන V.8 බබාලා තවමත් ඉන්නවා
https://www.facebook.com/photo?fbid=1095381025947933&set=a.356928166459893,මුසාවාදා වේරමණී සික්ඛා පදං සමාදියාමි කියල බුද්ධ දේශනාවේ තියෙනවා නේද,මුසාවාදා වේරමණී සික්ඛා පදං සමාදියාමි කියල බුද්ධ දේශනාවේ තියෙනවා නේද
https://www.facebook.com/photo?fbid=1095381025947933&set=a.356928166459893,හොර මහනුන්ට හොරුන් පෙනෙන හැටි තමයි.,හොර මහනුන්ට හොරුන් පෙනෙන හැටි තමයි.
https://www.facebook.com/photo?fbid=1095381025947933&set=a.356928166459893,"හාමුදුරුවනේ ..
මහණ උනා නං හොඳ නැද්ද .","හාමුදුරුවනේ ..
මහණ උනා නං හොඳ නැද්ද ."
https://www.facebook.com/photo?fbid=1095381025947933&set=a.356928166459893,"මුන් තව ටික දවසකින් කියනව යුද්දෙ ඉවර කරපු ඇත්ත වීරයා රනිල් කියලා
මහින්ද එක්ක හිටිය ඔක්කොම දැන් රනිල්ට සැලෙන්ඩර්","මුන් තව ටික දවසකින් කියනව යුද්දෙ ඉවර කරපු ඇත්ත වීරයා රනිල් කියලා
මහින්ද එක්ක හිටිය ඔක්කොම දැන් රනිල්ට සැලෙන්ඩර්"
https://www.facebook.com/photo?fbid=1095381025947933&set=a.356928166459893,"නිකන්....කන..නිසා...පහසුවක්..ඇති
මයේ..හිතේ......","නිකන්....කන..නිසා...පහසුවක්..ඇති
මයේ..හිතේ......"
https://www.facebook.com/photo?fbid=1095381025947933&set=a.356928166459893,Kauda yako deheth wattiyata babul tiyapu eka,Kauda yako deheth wattiyata babul tiyapu eka
https://www.facebook.com/photo?fbid=1095381025947933&set=a.356928166459893,"මෙහෙමත් මිත්
‍
යාදෘෂ්ටික set එකක්....නිවන් යන්න සෑහෙන්න කල් යයි වගේ.","මෙහෙමත් මිත්
‍
යාදෘෂ්ටික set එකක්....නිවන් යන්න සෑහෙන්න කල් යයි වගේ."
https://www.facebook.com/photo?fbid=1095381025947933&set=a.356928166459893,"එහෙමයි අපේ හාමුදුරුවනේ
කීයක් ඔය අටපිරිකර එක්ක තිබුණද","එහෙමයි අපේ හාමුදුරුවනේ
කීයක් ඔය අටපිරිකර එක්ක තිබුණද"
https://www.facebook.com/photo?fbid=1095381025947933&set=a.356928166459893,ජනතාව පහසුවෙන් ජීවත් වෙන්නෙ හොර නඩය එලවූ නිසා,ජනතාව පහසුවෙන් ජීවත් වෙන්නෙ හොර නඩය එලවූ නිසා
https://www.facebook.com/photo?fbid=1095381025947933&set=a.356928166459893,නිවන අපටත් වඩා බොහෝ දුරයි මුන්නාන්සෙලාට....... කතා දෙකක් නෑ.....,නිවන අපටත් වඩා බොහෝ දුරයි මුන්නාන්සෙලාට....... කතා දෙකක් නෑ.....
https://www.facebook.com/photo?fbid=1095381025947933&set=a.356928166459893,හාමුදුරුවරු කොටසක් කතා කරන්නෙ පස්සෙන් . ඒකයි ගඳ.,හාමුදුරුවරු කොටසක් කතා කරන්නෙ පස්සෙන් . ඒකයි ගඳ.
https://www.facebook.com/photo?fbid=1095381025947933&set=a.356928166459893,Mun හාමුදුරුවෝ ද........,Mun හාමුදුරුවෝ ද........
https://www.facebook.com/photo?fbid=1095381025947933&set=a.356928166459893,පුදුම බණ….,පුදුම බණ….
https://www.facebook.com/photo?fbid=1095381025947933&set=a.356928166459893,මූන්ට දානෙට දෙන්ඩ ඕනෙ හක්ක පටස්,මූන්ට දානෙට දෙන්ඩ ඕනෙ හක්ක පටස්
https://www.facebook.com/photo?fbid=1095381025947933&set=a.356928166459893,අපේ හාමුදුරුවනේ නිවට නොවී රනිල් සරණ නොගොස් බුදුන් සරණ යන්න දැන්වත් හිත හදාගන්න...,අපේ හාමුදුරුවනේ නිවට නොවී රනිල් සරණ නොගොස් බුදුන් සරණ යන්න දැන්වත් හිත හදාගන්න...
https://www.facebook.com/photo?fbid=1095381025947933&set=a.356928166459893,රනිල් පහසුවෙන් ජීවත් වෙන්නෙ ජනතාව නිසා.,රනිල් පහසුවෙන් ජීවත් වෙන්නෙ ජනතාව නිසා.
https://www.facebook.com/photo?fbid=1095381025947933&set=a.356928166459893,හරිම පහසුයි,හරිම පහසුයි
https://www.facebook.com/photo?fbid=1095381025947933&set=a.356928166459893,සිවුරු .හොරු ...,සිවුරු .හොරු ...
https://www.facebook.com/sinhala.adaderana.lk/videos/665882539159776,ඇත්තටම මෙිවා වටිනවා මෙි මිනිස්සුන්ගේ ආතතිය අවම කිරීමට,ඇත්තටම මෙිවා වටිනවා මෙි මිනිස්සුන්ගේ ආතතිය අවම කිරීමට
https://www.facebook.com/sinhala.adaderana.lk/videos/665882539159776,ඔය අවුරුදු පහ ඇතුළත කරගන්න දෙයක් කරගනිල්ලා මොකද දැන් ජනතා බදු වලින් නෙමෙයිනේ ඔක්කොම නඩත්තු වෙන්නේ? උඹලගේ එකසිය පනස් නවය ගෙදරින් ගෙනල්ලනි,ඔය අවුරුදු පහ ඇතුළත කරගන්න දෙයක් කරගනිල්ලා මොකද දැන් ජනතා බදු වලින් නෙමෙයිනේ ඔක්කොම නඩත්තු වෙන්නේ? උඹලගේ එකසිය පනස් නවය ගෙදරින් ගෙනල්ලනි
https://www.facebook.com/sinhala.adaderana.lk/videos/665882539159776,"අම්බො මේ ඉවන්ට් ඉස්සර තියනකොට මුන් බඩ කපන් වැලලුනෙ නැති ටික විතරයි ..
බදු සල්ලිවලින් ආතල් ගන්නවා ...කියලා ..දැන් මොකො මේවා
...මුන්ගෙ කිම අහලා ..චනදය දුන්න උන්ට දැන් පශ්චාත් භාගය ..නැතිව ඇති","අම්බො මේ ඉවන්ට් ඉස්සර තියනකොට මුන් බඩ කපන් වැලලුනෙ නැති ටික විතරයි ..
බදු සල්ලිවලින් ආතල් ගන්නවා ...කියලා ..දැන් මොකො මේවා
...මුන්ගෙ කිම අහලා ..චනදය දුන්න උන්ට දැන් පශ්චාත් භාගය ..නැතිව ඇති"
https://www.facebook.com/sinhala.adaderana.lk/videos/665882539159776,ඉස්සර මේවා වර්ජනය කරපු අය නේද මේ,ඉස්සර මේවා වර්ජනය කරපු අය නේද මේ
https://www.facebook.com/sinhala.adaderana.lk/videos/665882539159776,ජනතාවගේ මුදල් කාබාසිනියා වෙන්නෙ නැහැ නේද jvP ආන්ඩුවක් නිසා,ජනතාවගේ මුදල් කාබාසිනියා වෙන්නෙ නැහැ නේද jvP ආන්ඩුවක් නිසා
https://www.facebook.com/sinhala.adaderana.lk/videos/665882539159776,කනවා .සෙල්ලම් කරනවා .බොරැ කියවනවා.පරණකුණු අවුස්සනවා.ඔන්න වැඩ.හොදයිනෙ.සතුටුයිනෙ.,කනවා .සෙල්ලම් කරනවා .බොරැ කියවනවා.පරණකුණු අවුස්සනවා.ඔන්න වැඩ.හොදයිනෙ.සතුටුයිනෙ.
https://www.facebook.com/sinhala.adaderana.lk/videos/665882539159776,ඒ කාලේ එහෙම වුනානම් කට උල් කරලා අහගන්න තිබ්බා,ඒ කාලේ එහෙම වුනානම් කට උල් කරලා අහගන්න තිබ්බා
https://www.facebook.com/sinhala.adaderana.lk/videos/665882539159776,දැන්නම් ගැහුව කතිරේ ගැන උතුරන්නම ආඩම්බරයි.,දැන්නම් ගැහුව කතිරේ ගැන උතුරන්නම ආඩම්බරයි.
https://www.facebook.com/sinhala.adaderana.lk/videos/665882539159776,"උදේ රැස්වීම් වල කලන්
‍
තෙ හැදෙන ළමයි මැල්ලුමයි බතුයි අරන් පාසල් එන ළමයි දැන් නැත්ද?","උදේ රැස්වීම් වල කලන්
‍
තෙ හැදෙන ළමයි මැල්ලුමයි බතුයි අරන් පාසල් එන ළමයි දැන් නැත්ද?"
https://www.facebook.com/sinhala.adaderana.lk/videos/665882539159776,"රොබෝලා වගේ අපිවෙනුවෙන් වෙහෙසමහන්සි වෙන්න ඕන නෑ... ඒත් බොලාලට අමතක වෙයි විරුද්ධ ක්
‍
රිඩාකරැවන් මේ රටත්එක්ක කොච්චරනම් සෙල්ලම්කරාද කියලා....","රොබෝලා වගේ අපිවෙනුවෙන් වෙහෙසමහන්සි වෙන්න ඕන නෑ... ඒත් බොලාලට අමතක වෙයි විරුද්ධ ක්
‍
රිඩාකරැවන් මේ රටත්එක්ක කොච්චරනම් සෙල්ලම්කරාද කියලා...."
https://www.facebook.com/sinhala.adaderana.lk/videos/665882539159776,කොට්ටහච්චි කලිනුත් දිනුමක් ගත්තනෙ හොඳම බොරුවට..,කොට්ටහච්චි කලිනුත් දිනුමක් ගත්තනෙ හොඳම බොරුවට..
https://www.facebook.com/sinhala.adaderana.lk/videos/665882539159776,අනුර ජනාධිපති උනා නම් ඔහොම නටන්න වෙන්නේ නෑ.බලන්න අපේ බදු මුදල් වලින් මෙයාලා ජොලී කරනවා,අනුර ජනාධිපති උනා නම් ඔහොම නටන්න වෙන්නේ නෑ.බලන්න අපේ බදු මුදල් වලින් මෙයාලා ජොලී කරනවා
https://www.facebook.com/sinhala.adaderana.lk/videos/665882539159776,"ඒකාලේ විවේචන කරපුවා, ප්
‍
රායෝගිකව කරලා රස විදිනවා, හොද දෙයක්","ඒකාලේ විවේචන කරපුවා, ප්
‍
රායෝගිකව කරලා රස විදිනවා, හොද දෙයක්"
https://www.facebook.com/sinhala.adaderana.lk/videos/665882539159776,"දැන් බලන්න සහෝදර වරුනි ජනතාවගෙ බදු මුදලින් මේගොල්ල කැරම් ගහනව ටෙනිස් ගහනව. අපේ ආණ්ඩුවක් ආවහම අපි මේ කැරම් බෝඩ් එක දියවන්නාවෙ ගිල්ලවනව. ටෙනිස් බෝඩ් එක ඉස්කෝලෙක කළු ලෑල්ලට දෙනව. අපි මේ නාස්තිය දුෂණය නවත්තන්න ඕන නැද්ද සහෝදර වරුනි. ""එයි ...බොරු හීන දකින් න… See more","දැන් බලන්න සහෝදර වරුනි ජනතාවගෙ බදු මුදලින් මේගොල්ල කැරම් ගහනව ටෙනිස් ගහනව. අපේ ආණ්ඩුවක් ආවහම අපි මේ කැරම් බෝඩ් එක දියවන්නාවෙ ගිල්ලවනව. ටෙනිස් බෝඩ් එක ඉස්කෝලෙක කළු ලෑල්ලට දෙනව. අපි මේ නාස්තිය දුෂණය නවත්තන්න ඕන නැද්ද සහෝදර වරුනි. ""එයි ...බොරු හීන දකින් න… See more"
https://www.facebook.com/sinhala.adaderana.lk/videos/665882539159776,දැන් සැපද ? NPP ලමයි ටිකට,දැන් සැපද ? NPP ලමයි ටිකට
https://www.facebook.com/sinhala.adaderana.lk/videos/665882539159776,"පොහොසත් රටක් හදල ඉවරයි
දැන් ආතල් ගන්නගමන්","පොහොසත් රටක් හදල ඉවරයි
දැන් ආතල් ගන්නගමන්"
https://www.facebook.com/sinhala.adaderana.lk/videos/665882539159776,"ඉස්සර තිබුන ක්
‍
රිඩානේ මරැ . මිරිස් කුඩු ඉසිම , පිහි ඇනුම් , කතානායක තුමාගේ පුටුවට වතුර දැමිම , සෙන්කොලේ උස්සන් දිවිම , මේස පුටු කැඩිම , මයික්
‍
රෆොන් කඩා දැමිම .","ඉස්සර තිබුන ක්
‍
රිඩානේ මරැ . මිරිස් කුඩු ඉසිම , පිහි ඇනුම් , කතානායක තුමාගේ පුටුවට වතුර දැමිම , සෙන්කොලේ උස්සන් දිවිම , මේස පුටු කැඩිම , මයික්
‍
රෆොන් කඩා දැමිම ."
https://www.facebook.com/sinhala.adaderana.lk/videos/665882539159776,"දැන් ඉතින් හරි ඔය කරලා තියෙන්නේ. සාමාන්
‍
ය ජනතාවට නැති දේවල් අපිටත් එපා කියලා කිව්වා.. එහෙම කියල තියෙන්නෙත් බොරුවට වගේ නේද?","දැන් ඉතින් හරි ඔය කරලා තියෙන්නේ. සාමාන්
‍
ය ජනතාවට නැති දේවල් අපිටත් එපා කියලා කිව්වා.. එහෙම කියල තියෙන්නෙත් බොරුවට වගේ නේද?"
https://www.facebook.com/sinhala.adaderana.lk/videos/665882539159776,මහින්දල කලා නම් මුං වැලලෙනවා,මහින්දල කලා නම් මුං වැලලෙනවා
https://www.facebook.com/sinhala.adaderana.lk/videos/665882539159776,මුන් රටක් හදන පාටක් නෑ Ac දාගෙන සෙල්ලම් මිනිස්සු මේවා බලන්න නමයි ඡන්දය දුන්නේ,මුන් රටක් හදන පාටක් නෑ Ac දාගෙන සෙල්ලම් මිනිස්සු මේවා බලන්න නමයි ඡන්දය දුන්නේ
https://www.facebook.com/sinhala.adaderana.lk/videos/665882539159776,දැන් හොරකම නාස්තිය සිදු වෙන්නෙ නැති එකේ ඔයවගේ දේවල් කරාට ගැටලුවක් නෑ,දැන් හොරකම නාස්තිය සිදු වෙන්නෙ නැති එකේ ඔයවගේ දේවල් කරාට ගැටලුවක් නෑ
https://www.facebook.com/sinhala.adaderana.lk/videos/665882539159776,කලින් උන් කරොත් වැරදි දැන් උන් කරොත් වැරදි නෑ වහාල් ටොබයියොන්ට,කලින් උන් කරොත් වැරදි දැන් උන් කරොත් වැරදි නෑ වහාල් ටොබයියොන්ට
https://www.facebook.com/sinhala.adaderana.lk/videos/665882539159776,එයාල හෙන ආතල් එකේ ඉන්නෙ නේ,එයාල හෙන ආතල් එකේ ඉන්නෙ නේ
https://www.facebook.com/sinhala.adaderana.lk/videos/665882539159776,හොදම බොරුව කාටද කොට්ටච්චිද නාමල්ද අනුරද,හොදම බොරුව කාටද කොට්ටච්චිද නාමල්ද අනුරද
https://www.facebook.com/sinhala.adaderana.lk/videos/665882539159776,"Now, they show us the real picture and it is always good for the country since fake is dangerous!","Now, they show us the real picture and it is always good for the country since fake is dangerous!"
https://www.facebook.com/sinhala.adaderana.lk/videos/665882539159776,හොදම බොරුව කිව්වෙ කව්ද,හොදම බොරුව කිව්වෙ කව්ද
https://www.facebook.com/sinhala.adaderana.lk/videos/665882539159776,කොහොමහරි කමක් නෑ සතුටින් ඉදපල්ලා.එච්චරයි.කලින් උන් වගේම හැම එකාම ආතල් ගන්න ඕන.අපි ගැන වද වෙන්න එපා.චිල් එකේ ඉන්න.,කොහොමහරි කමක් නෑ සතුටින් ඉදපල්ලා.එච්චරයි.කලින් උන් වගේම හැම එකාම ආතල් ගන්න ඕන.අපි ගැන වද වෙන්න එපා.චිල් එකේ ඉන්න.
https://www.facebook.com/sinhala.adaderana.lk/videos/665882539159776,තාම ඔය ටිකයි මේ අවුරුදු පහත් රැවටුනා කියලා හිත හදාගන්න .,තාම ඔය ටිකයි මේ අවුරුදු පහත් රැවටුනා කියලා හිත හදාගන්න .
https://www.facebook.com/sinhala.adaderana.lk/videos/665882539159776,බොරු කීමේ තරගෙන්ද,බොරු කීමේ තරගෙන්ද
https://www.facebook.com/sinhala.adaderana.lk/videos/665882539159776,Mun okhoma yaluwo malli,Mun okhoma yaluwo malli
https://www.facebook.com/sinhala.adaderana.lk/videos/665882539159776,දියවන්නාවේ දාන සෙල්ලම් මිනිසුන්ට හිතා ගන්නවත් බෑ,දියවන්නාවේ දාන සෙල්ලම් මිනිසුන්ට හිතා ගන්නවත් බෑ
https://www.facebook.com/sinhala.adaderana.lk/videos/665882539159776,අපෝ චාටර් බං ටවුන් එකකට ගිහින් බලන්න මනුස්සයෝ මොන තරම දුකක් විඳිනවා ද කියලා ජීවත් වෙන්න උබලට ඇත්තටම ගාණක් නැද්ද බං,අපෝ චාටර් බං ටවුන් එකකට ගිහින් බලන්න මනුස්සයෝ මොන තරම දුකක් විඳිනවා ද කියලා ජීවත් වෙන්න උබලට ඇත්තටම ගාණක් නැද්ද බං
https://www.facebook.com/sinhala.adaderana.lk/videos/665882539159776,"හොරු අල්ලන්න ආපු උන් හොරු එක්ක නටන්න අරන්
හරි හරි නටපල්ලකෝ ආයේ බෙරේ වැවේ තොපිවත් එක්ක නාවල ගන්නේ","හොරු අල්ලන්න ආපු උන් හොරු එක්ක නටන්න අරන්
හරි හරි නටපල්ලකෝ ආයේ බෙරේ වැවේ තොපිවත් එක්ක නාවල ගන්නේ"
https://www.facebook.com/sinhala.adaderana.lk/videos/665882539159776,ඌන් ඔක්කොම යාලුවෝ මල්ලි,ඌන් ඔක්කොම යාලුවෝ මල්ලි
https://www.facebook.com/sinhala.adaderana.lk/videos/665882539159776,දිට්ට දමිම වෙදනියකර්මයේන් බෙරේන්න බැ මලිමාවට ජයවෙිවා,දිට්ට දමිම වෙදනියකර්මයේන් බෙරේන්න බැ මලිමාවට ජයවෙිවා
https://www.facebook.com/sinhala.adaderana.lk/videos/665882539159776,කෙලි සෙල්ලම් කර කර හිටපල්ලා. වෙලාවක් තිබුණොත් ජනතා සේවය කරපල්ලා.,කෙලි සෙල්ලම් කර කර හිටපල්ලා. වෙලාවක් තිබුණොත් ජනතා සේවය කරපල්ලා.
https://www.facebook.com/sinhala.adaderana.lk/videos/665882539159776,"වෙදිකාවේ බැනගන්කව එකට සෙල්ලම් කරනව, ගම්වල උන් කෙලගන්නව.","වෙදිකාවේ බැනගන්කව එකට සෙල්ලම් කරනව, ගම්වල උන් කෙලගන්නව."
https://www.facebook.com/sinhala.adaderana.lk/videos/665882539159776,ඔයාල ටිකක් හිතන්න ඕනේ ඔයාලා බිලියට ගහනකොට ගම්වල පොඩි එවුන්ට ෆුට් බෝලයක්වත්නෑ,ඔයාල ටිකක් හිතන්න ඕනේ ඔයාලා බිලියට ගහනකොට ගම්වල පොඩි එවුන්ට ෆුට් බෝලයක්වත්නෑ
https://www.facebook.com/sinhala.adaderana.lk/videos/665882539159776,කොට්ටං...හච්චිං...දක්ෂ බව..නාමලක් කිව්වාලු.එයාට ලක්ෂ 12 vitts එකක් බදුලු කුමාර ගෙන්.,කොට්ටං...හච්චිං...දක්ෂ බව..නාමලක් කිව්වාලු.එයාට ලක්ෂ 12 vitts එකක් බදුලු කුමාර ගෙන්.
https://www.facebook.com/sinhala.adaderana.lk/videos/665882539159776,හොදට බූරු ගහන්ඩ දන්න උනුත් හියියනෙ....,හොදට බූරු ගහන්ඩ දන්න උනුත් හියියනෙ....
https://www.facebook.com/sinhala.adaderana.lk/videos/665882539159776,මේව දැකගන්න ලැබුනෙත් මේ ආන්ඩුව නිසා යි.,මේව දැකගන්න ලැබුනෙත් මේ ආන්ඩුව නිසා යි.
https://www.facebook.com/sinhala.adaderana.lk/videos/665882539159776,"මෙහෙම හිටියනම් අර 60,000 තවම ජිවතුන් අතර ඩොලර් මිලියන් 200 ත් ඉතුරැයි.කරැණ පුනරැත්ථාපනය කලා වගේ මේ අයත් මේ මට්ටමට ගෙනාපු එක ලොකු පිනක්.","මෙහෙම හිටියනම් අර 60,000 තවම ජිවතුන් අතර ඩොලර් මිලියන් 200 ත් ඉතුරැයි.කරැණ පුනරැත්ථාපනය කලා වගේ මේ අයත් මේ මට්ටමට ගෙනාපු එක ලොකු පිනක්."
https://www.facebook.com/sinhala.adaderana.lk/videos/665882539159776,They need fun time as well. Happy to see people are enjoying their lives.,They need fun time as well. Happy to see people are enjoying their lives.
https://www.facebook.com/sinhala.adaderana.lk/videos/665882539159776,මුන්ට තරග,මුන්ට තරග
https://www.facebook.com/sinhala.adaderana.lk/videos/665882539159776,අපිට එච්චරයි අඩුවෙලා තිබ්බේ,අපිට එච්චරයි අඩුවෙලා තිබ්බේ
https://www.facebook.com/sinhala.adaderana.lk/videos/665882539159776,කාගකනි කතා සාප්ලුව,කාගකනි කතා සාප්ලුව
https://www.facebook.com/sinhala.adaderana.lk/videos/665882539159776,දැන් සතුටින්ද ජෙප්පොන්ට,දැන් සතුටින්ද ජෙප්පොන්ට
https://www.facebook.com/sinhala.adaderana.lk/videos/1790878431735064,විස්තරේ පැහැදිලිව කීවෙ චමුදිතගේ චැනල් එකට ආපු ගෑනු ලමයා..එයාව ආරක්ෂා කරන්න ජනාධිපති දැනගන්න ඕනෙ,විස්තරේ පැහැදිලිව කීවෙ චමුදිතගේ චැනල් එකට ආපු ගෑනු ලමයා..එයාව ආරක්ෂා කරන්න ජනාධිපති දැනගන්න ඕනෙ
https://www.facebook.com/sinhala.adaderana.lk/videos/1790878431735064,Súñèth ගෑනි කියන දේ අහන්ණැතුව යාලුවොන්ට පු@$ දි දී ඉන්න,Súñèth ගෑනි කියන දේ අහන්ණැතුව යාලුවොන්ට පු@$ දි දී ඉන්න
https://www.facebook.com/sinhala.adaderana.lk/videos/1790878431735064,"පරිස්සම් වෙයන් දුර ඉන්න උන්ගෙන් නෙවෙයි
එකට කාලා බීලා ලගින්ම ඉන්න උන්ගෙන්","පරිස්සම් වෙයන් දුර ඉන්න උන්ගෙන් නෙවෙයි
එකට කාලා බීලා ලගින්ම ඉන්න උන්ගෙන්"
https://www.facebook.com/sinhala.adaderana.lk/videos/1790878431735064,චමුදිතගේ විඩියෝ එකේ ඔය කියන වහනය ගැන අර කෙල්ලා කිව්වා යලුවා බොරුවට මෙකට අල්ලනවා කියලා නොමග යවන්න,චමුදිතගේ විඩියෝ එකේ ඔය කියන වහනය ගැන අර කෙල්ලා කිව්වා යලුවා බොරුවට මෙකට අල්ලනවා කියලා නොමග යවන්න
https://www.facebook.com/sinhala.adaderana.lk/videos/1790878431735064,එකට ඉන්න උන් තමයි ඔක්කොම කරන්නෙ,එකට ඉන්න උන් තමයි ඔක්කොම කරන්නෙ
https://www.facebook.com/sinhala.adaderana.lk/videos/1790878431735064,mita issella hitapu thupphi aematila wapurapu bija me anduwata sudda karanna wela tiyenne,mita issella hitapu thupphi aematila wapurapu bija me anduwata sudda karanna wela tiyenne
https://www.facebook.com/sinhala.adaderana.lk/videos/1790878431735064,කයිවාරුපොලිස් ඇමතියෙක් ඉන්නව නේද?,කයිවාරුපොලිස් ඇමතියෙක් ඉන්නව නේද?
https://www.facebook.com/sinhala.adaderana.lk/videos/1790878431735064,කයිවාරුපොලිස් ඇමතියෙක් ඉන්නව නේද?,කයිවාරුපොලිස් ඇමතියෙක් ඉන්නව නේද?
https://www.facebook.com/sinhala.adaderana.lk/videos/1790878431735064,ඔකුන් වෙනුවෙන් උසවි වල කලේ නස්ති කිරිම අපරදයක් .,ඔකුන් වෙනුවෙන් උසවි වල කලේ නස්ති කිරිම අපරදයක් .
https://www.facebook.com/sinhala.adaderana.lk/videos/1790878431735064,එකට ඉඳලා ගේම දීලා,එකට ඉඳලා ගේම දීලා
https://www.facebook.com/sinhala.adaderana.lk/videos/1790878431735064,අපරාධයක්.වෙන්නම.ඕන උන්ගේ දේවල්.එලියට එන්න.අල්ල.ගන්න..,අපරාධයක්.වෙන්නම.ඕන උන්ගේ දේවල්.එලියට එන්න.අල්ල.ගන්න..
https://www.facebook.com/sinhala.adaderana.lk/videos/1790878431735064,හැමදාම පස්සෙන්ම ඉදල හරි වෙලාව ආවම ගේම දුන්න,හැමදාම පස්සෙන්ම ඉදල හරි වෙලාව ආවම ගේම දුන්න
https://www.facebook.com/sinhala.adaderana.lk/videos/1790878431735064,Hoda wade..bebandanta kuddanta,Hoda wade..bebandanta kuddanta
https://www.facebook.com/sinhala.adaderana.lk/videos/1790878431735064,හොද පාඩම් ඔවා ලගම උන් තමයි ශොට් එක දිලා තියෙන්නේ.ලගම ඉන්න මිනිස්සු කවදාවත් විශ්වාස කර්න්න එපා එච්චරයි,හොද පාඩම් ඔවා ලගම උන් තමයි ශොට් එක දිලා තියෙන්නේ.ලගම ඉන්න මිනිස්සු කවදාවත් විශ්වාස කර්න්න එපා එච්චරයි
https://www.facebook.com/sinhala.adaderana.lk/videos/1790878431735064,හැබැයි පොලිස්යෙන් දඩ බඩ ගාලා සාක්ෂි හොයා ගන්නවා ඇ,හැබැයි පොලිස්යෙන් දඩ බඩ ගාලා සාක්ෂි හොයා ගන්නවා ඇ
https://www.facebook.com/sinhala.adaderana.lk/videos/1790878431735064,යාලුවො කියලා ජාතියක් නෑ කියලා තෙරුම් ගනිල්ලා මේකෙන් හරි,යාලුවො කියලා ජාතියක් නෑ කියලා තෙරුම් ගනිල්ලා මේකෙන් හරි
https://www.facebook.com/sinhala.adaderana.lk/videos/1790878431735064,ලංකාවටත් පොලිසියක් තිබ්බ නම්,ලංකාවටත් පොලිසියක් තිබ්බ නම්
https://www.facebook.com/sinhala.adaderana.lk/videos/1790878431735064,"නොගැලපෙන යාළුවෝ ආශ්
‍
රය කිරීම නිසා නිවැරදි පුද්ගලයකුත් මියගියා. ඒ වගේම තමන් විශ්වාස කරපු යාළුවොම තමන්ට වල කැපුවා. ඉගෙන ගන්න පාඩම් ගොඩක් කියලා දීලා ඔවුන් දෙන්නා අවසන් ගමන් ගියා.","නොගැලපෙන යාළුවෝ ආශ්
‍
රය කිරීම නිසා නිවැරදි පුද්ගලයකුත් මියගියා. ඒ වගේම තමන් විශ්වාස කරපු යාළුවොම තමන්ට වල කැපුවා. ඉගෙන ගන්න පාඩම් ගොඩක් කියලා දීලා ඔවුන් දෙන්නා අවසන් ගමන් ගියා."
https://www.facebook.com/sinhala.adaderana.lk/videos/1790878431735064,Devinuvara uthum pudha bimak,Devinuvara uthum pudha bimak
https://www.facebook.com/sinhala.adaderana.lk/videos/1790878431735064,එකට ඉදලම ගේම දීල,එකට ඉදලම ගේම දීල
https://www.facebook.com/sinhala.adaderana.lk/videos/1790878431735064,ලගම ඉන්න යලුවො ගැන පරිසම් වෙන්න මොකද කෙලවන්නෙ උ තමයි,ලගම ඉන්න යලුවො ගැන පරිසම් වෙන්න මොකද කෙලවන්නෙ උ තමයි
https://www.facebook.com/sinhala.adaderana.lk/videos/1790878431735064,Devundara Polisiye ballo hodatama dannawa minimaruwo. Unge kudu salli walin jiwath wenne Polisiye ewun.. kawadawath owaye nithiyak wenne na..,Devundara Polisiye ballo hodatama dannawa minimaruwo. Unge kudu salli walin jiwath wenne Polisiye ewun.. kawadawath owaye nithiyak wenne na..
https://www.facebook.com/sinhala.adaderana.lk/videos/1790878431735064,චමුදිතගේ වැඩ සටහන බැලුව නම් තවත් තොරතුරු දැනගන්න තිබුනා.,චමුදිතගේ වැඩ සටහන බැලුව නම් තවත් තොරතුරු දැනගන්න තිබුනා.
https://www.facebook.com/sinhala.adaderana.lk/videos/1790878431735064,"ඔච්චර හොයන එක මත් ද්
‍
රව්
‍
ය ගෙන වුන් බෙදන වුන් අල්ලලා හිරෙ දාපල්ලකො.","ඔච්චර හොයන එක මත් ද්
‍
රව්
‍
ය ගෙන වුන් බෙදන වුන් අල්ලලා හිරෙ දාපල්ලකො."
https://www.facebook.com/sinhala.adaderana.lk/videos/1790878431735064,"ඇයි ඉතිම් මාධ්
‍
ය වලට කියන්නෙ","ඇයි ඉතිම් මාධ්
‍
ය වලට කියන්නෙ"
https://www.facebook.com/sinhala.adaderana.lk/videos/1790878431735064,Me wage yaluwo apitath nathuwama newi,Me wage yaluwo apitath nathuwama newi
https://www.facebook.com/sinhala.adaderana.lk/videos/1790878431735064,Chamudithage channel eka balanna kiypnko,Chamudithage channel eka balanna kiypnko
https://www.facebook.com/sinhala.adaderana.lk/videos/1790878431735064,"ඔයාල ඒක බ්ල්ර් කරලා දැම්මෙ
ඔයාලා නෙවෙයි නේ","ඔයාල ඒක බ්ල්ර් කරලා දැම්මෙ
ඔයාලා නෙවෙයි නේ"
https://www.facebook.com/sinhala.adaderana.lk/videos/1790878431735064,Blur කරල පෙනෙන අයුරු මෙ කියල දාල හරියනවද,Blur කරල පෙනෙන අයුරු මෙ කියල දාල හරියනවද
https://www.facebook.com/sinhala.adaderana.lk/videos/1790878431735064,යාලුවො විශ්වාස කරන්ඩෙපා,යාලුවො විශ්වාස කරන්ඩෙපා
https://www.facebook.com/sinhala.adaderana.lk/videos/1790878431735064,දෙයියෝ කැන්විසන් ගිහින් ද,දෙයියෝ කැන්විසන් ගිහින් ද
https://www.facebook.com/sinhala.adaderana.lk/videos/1790878431735064,Labunu deyak tiyeda me gonnu set ekata.kotasak wale kotasak hire.,Labunu deyak tiyeda me gonnu set ekata.kotasak wale kotasak hire.
https://www.facebook.com/sinhala.adaderana.lk/videos/1790878431735064,යස යාළුවො,යස යාළුවො
https://www.facebook.com/sinhala.adaderana.lk/videos/1790878431735064,අපිට හැමදාමත්ංකලවන්ංන් එකටම ලගම ඉන්න ංකනා තමයි,අපිට හැමදාමත්ංකලවන්ංන් එකටම ලගම ඉන්න ංකනා තමයි
https://www.facebook.com/sinhala.adaderana.lk/videos/1790878431735064,Mun ganu de patale ganu dan godak gamwala ganu minimarenawa.,Mun ganu de patale ganu dan godak gamwala ganu minimarenawa.
https://www.facebook.com/sinhala.adaderana.lk/videos/1790878431735064,Ekata inna un sathekata vis wasa karanna narakai pau jivitha.ahuwena eunta mewage vidithiyanna one prasiddiye ethakota hari.ganitath visesayen vedi thiyanna one,Ekata inna un sathekata vis wasa karanna narakai pau jivitha.ahuwena eunta mewage vidithiyanna one prasiddiye ethakota hari.ganitath visesayen vedi thiyanna one
https://www.facebook.com/sinhala.adaderana.lk/videos/1790878431735064,පාටිය දුන්නා අයියා වෙන්න පුළුවන්,පාටිය දුන්නා අයියා වෙන්න පුළුවන්
https://www.facebook.com/sinhala.adaderana.lk/videos/1790878431735064,SAMAHAN BEUWAMA WADE WADEN NADDA,SAMAHAN BEUWAMA WADE WADEN NADDA
https://www.facebook.com/sinhala.adaderana.lk/videos/3022734884558469,හොරු කොහොමත් නිදොස්කොට නිදහස් එක අදත් හෙටත් එගොල්ලන් එහෙමයි අපෙ අහින්සකයෙක් නම් වසර 20වත් හිරෙ නෙ,හොරු කොහොමත් නිදොස්කොට නිදහස් එක අදත් හෙටත් එගොල්ලන් එහෙමයි අපෙ අහින්සකයෙක් නම් වසර 20වත් හිරෙ නෙ
https://www.facebook.com/sinhala.adaderana.lk/videos/3022734884558469,යහ පාලනයෙන් පටන්ගෙන පච පාලනය දක්වා දාපු ණඩු.,යහ පාලනයෙන් පටන්ගෙන පච පාලනය දක්වා දාපු ණඩු.
https://www.facebook.com/sinhala.adaderana.lk/videos/3022734884558469,""" ධම්මෝ හවේ ධම්මචාරී .""",""" ධම්මෝ හවේ ධම්මචාරී ."""
https://www.facebook.com/sinhala.adaderana.lk/videos/3022734884558469,මිනිස්සු රවටිටන්න යහාපලන කාලේ දාපු නඩු,මිනිස්සු රවටිටන්න යහාපලන කාලේ දාපු නඩු
https://www.facebook.com/sinhala.adaderana.lk/videos/3022734884558469,එකා එකා පිරිසිඳු වෙමින් පවතී.....,එකා එකා පිරිසිඳු වෙමින් පවතී.....
https://www.facebook.com/sinhala.adaderana.lk/videos/3022734884558469,"ජෙප්පො කරේ තියන් ගියෙ ඕක පහුගිය කාලේ. අන්තිමට කයියනායක මුල් වෙලා සුද්දො ගෙන්නලා නඩුත් දැම්මා.
කයිතන් බලයෙ ඉද්දිම උදය ගම්මන්පිල නිදහස්. දැන් කයිතන් උඹට තියෙන්නෙ පචාචාර්
‍
ය රන්වලයයි, උගණ්ඩා කොට්ටච්චියි මහාධිකරණ විනිසුරුලා කරන්න. අන්න එතකොට නම් කයිතන්ගෙ ව… See more","ජෙප්පො කරේ තියන් ගියෙ ඕක පහුගිය කාලේ. අන්තිමට කයියනායක මුල් වෙලා සුද්දො ගෙන්නලා නඩුත් දැම්මා.
කයිතන් බලයෙ ඉද්දිම උදය ගම්මන්පිල නිදහස්. දැන් කයිතන් උඹට තියෙන්නෙ පචාචාර්
‍
ය රන්වලයයි, උගණ්ඩා කොට්ටච්චියි මහාධිකරණ විනිසුරුලා කරන්න. අන්න එතකොට නම් කයිතන්ගෙ ව… See more"
https://www.facebook.com/sinhala.adaderana.lk/videos/3022734884558469,නෑ මේක පිලිගන්න බෑ,නෑ මේක පිලිගන්න බෑ
https://www.facebook.com/sinhala.adaderana.lk/videos/3022734884558469,විය යුතු දේ වෙමින් පවතී. අපි චන්දේ දුන්නේ ඔන්න ඕකයි,විය යුතු දේ වෙමින් පවතී. අපි චන්දේ දුන්නේ ඔන්න ඕකයි
https://www.facebook.com/sinhala.adaderana.lk/videos/3022734884558469,දැන් අධිකරණය හොදයි,දැන් අධිකරණය හොදයි
https://www.facebook.com/sinhala.adaderana.lk/videos/3022734884558469,අනුරද දැන් කෙදිරි ගාන්නෙ,අනුරද දැන් කෙදිරි ගාන්නෙ
https://www.facebook.com/sinhala.adaderana.lk/videos/3022734884558469,වෙලාවට අනුර හිටියේ.,වෙලාවට අනුර හිටියේ.
https://www.facebook.com/sinhala.adaderana.lk/videos/3022734884558469,නඩුවට අවුරුදු 10ක් අයියො සාමි,නඩුවට අවුරුදු 10ක් අයියො සාමි
https://www.facebook.com/sinhala.adaderana.lk/videos/3022734884558469,Kalakanni jeppo,Kalakanni jeppo
https://www.facebook.com/sinhala.adaderana.lk/videos/3022734884558469,දැන් බක බකෙ කනක් ඇහිල ඉන්න හම්බෙන්නෑ ඕං කිව්ව..,දැන් බක බකෙ කනක් ඇහිල ඉන්න හම්බෙන්නෑ ඕං කිව්ව..
https://www.facebook.com/sinhala.adaderana.lk/videos/3022734884558469,"කෙඳිරි ගෑවෙි කවිද .....
කෙඳිරි ය , කාගෙද .....","කෙඳිරි ගෑවෙි කවිද .....
කෙඳිරි ය , කාගෙද ....."
https://www.facebook.com/sinhala.adaderana.lk/videos/3022734884558469,පුදුමෙ කියන්නෙ මුං ඔක්කොම නිදොස් කොට නිදහස් නෙ.,පුදුමෙ කියන්නෙ මුං ඔක්කොම නිදොස් කොට නිදහස් නෙ.
https://www.facebook.com/sinhala.adaderana.lk/videos/3022734884558469,"Meya naduwe wasiya ganna hadanne….
Ahakatama danna ona minissu","Meya naduwe wasiya ganna hadanne….
Ahakatama danna ona minissu"
https://www.facebook.com/sinhala.adaderana.lk/videos/3022734884558469,අනුර ගේ පce නිතිය,අනුර ගේ පce නිතිය
https://www.facebook.com/sinhala.adaderana.lk/videos/3022734884558469,"ආණ්ඩුවට කිසි දෙයක් අයිති නැත. අයිතිය මහජනතාවට. ආණ්ඩුවට ඇත්තේ බාරකාරිත්වය පමණි. එනිසා ඔහු කියූ දේ 100% නිවැරදිය. සත්
‍
යයකි.","ආණ්ඩුවට කිසි දෙයක් අයිති නැත. අයිතිය මහජනතාවට. ආණ්ඩුවට ඇත්තේ බාරකාරිත්වය පමණි. එනිසා ඔහු කියූ දේ 100% නිවැරදිය. සත්
‍
යයකි."
https://www.facebook.com/sinhala.adaderana.lk/videos/3022734884558469,Noice pollution එකක් එන්න නියමිතයි.. අද'ද'රෙනට කලින්ම අවුරුදු ඇවිල්ලා.. දවස් කීයක් පදක්කමේ රෙද්ද හෝදයිද,Noice pollution එකක් එන්න නියමිතයි.. අද'ද'රෙනට කලින්ම අවුරුදු ඇවිල්ලා.. දවස් කීයක් පදක්කමේ රෙද්ද හෝදයිද
https://www.facebook.com/sinhala.adaderana.lk/videos/3022734884558469,Me anduwenma tinduwa labuna,Me anduwenma tinduwa labuna
https://www.facebook.com/sinhala.adaderana.lk/videos/3022734884558469,Me naduwa damme champika neda?,Me naduwa damme champika neda?
https://www.facebook.com/sinhala.adaderana.lk/videos/3022734884558469,Mewunta rede bsdsgihin inne,Mewunta rede bsdsgihin inne
https://www.facebook.com/sinhala.adaderana.lk/videos/3022734884558469,Kamba hora,Kamba hora
https://www.facebook.com/photo?fbid=1095328645953171&set=a.356928166459893,"දූෂණ නවත්වන්න නම් මාලිමාවට ගම දෙන්න
නැතිනම් කරන්න දෙයක් නෑ...","දූෂණ නවත්වන්න නම් මාලිමාවට ගම දෙන්න
නැතිනම් කරන්න දෙයක් නෑ..."
https://www.facebook.com/photo?fbid=1095328645953171&set=a.356928166459893,"වෛද්
‍
යවරියට අපට තරම් වුවමනාවක් නෑ වගේ
ඒ හැටි කියන්න තරම් දෙයක් වුණේ නැතුවාවත්ද .....","වෛද්
‍
යවරියට අපට තරම් වුවමනාවක් නෑ වගේ
ඒ හැටි කියන්න තරම් දෙයක් වුණේ නැතුවාවත්ද ....."
https://www.facebook.com/photo?fbid=1095328645953171&set=a.356928166459893,සිදුවීම ඇතුලේ තවත් මොකක් හරි දෙයක් තියෙනවා කියලා හිතපු එක හරි වගේ..,සිදුවීම ඇතුලේ තවත් මොකක් හරි දෙයක් තියෙනවා කියලා හිතපු එක හරි වගේ..
https://www.facebook.com/photo?fbid=1095328645953171&set=a.356928166459893,"පිට පිටම දෙවෙනි දිනයේදීත්, හඳුනාගැනීමේ පෙරට්ටුවට, අදාළ වෛද්
‍
යවරිය පැමිණ නැත.","පිට පිටම දෙවෙනි දිනයේදීත්, හඳුනාගැනීමේ පෙරට්ටුවට, අදාළ වෛද්
‍
යවරිය පැමිණ නැත."
https://www.facebook.com/photo?fbid=1095328645953171&set=a.356928166459893,කිසිම වරදක් නොකල මිනිස්සු වරදක් කල බවට තීන්දු දී ඔවුන් සදාකාලිකව සිර කරපු රටක් මේක!,කිසිම වරදක් නොකල මිනිස්සු වරදක් කල බවට තීන්දු දී ඔවුන් සදාකාලිකව සිර කරපු රටක් මේක!
https://www.facebook.com/photo?fbid=1095328645953171&set=a.356928166459893,දැන්නම් මේක දූෂණයක්ද කියලත් සැකයි.,දැන්නම් මේක දූෂණයක්ද කියලත් සැකයි.
https://www.facebook.com/photo?fbid=1095328645953171&set=a.356928166459893,"උ ඉතින් හිතනවා ඇති
"" මොන කරුමය ක් ද,අදත් ඉතින් පොල්ල බස්සා ගන්න එපැයි
""","උ ඉතින් හිතනවා ඇති
"" මොන කරුමය ක් ද,අදත් ඉතින් පොල්ල බස්සා ගන්න එපැයි
"""
https://www.facebook.com/photo?fbid=1095328645953171&set=a.356928166459893,Yali riman newei munwa merenakmisthirawa danna one,Yali riman newei munwa merenakmisthirawa danna one
https://www.facebook.com/photo?fbid=1095328645953171&set=a.356928166459893,පැත්තෙන් ඉන්න එක්කෙනා සනත් නිශාන්ත වගේ,පැත්තෙන් ඉන්න එක්කෙනා සනත් නිශාන්ත වගේ
https://www.facebook.com/photo?fbid=1095328645953171&set=a.356928166459893,අර පොර කියල හිතල හෙට ඉදල ගමෙ ඉන්නත් නෑ.,අර පොර කියල හිතල හෙට ඉදල ගමෙ ඉන්නත් නෑ.
https://www.facebook.com/photo?fbid=1095328645953171&set=a.356928166459893,ජීවිත කාලයට denna.,ජීවිත කාලයට denna.
https://www.facebook.com/photo?fbid=1095328645953171&set=a.356928166459893,Nathuwa yako,Nathuwa yako
https://www.facebook.com/photo?fbid=1095328645953171&set=a.356928166459893,"වෛද්
‍
යවරිය දිගින් දිගටම පෙරෙට්ටුව මගෑරියොත්, ඒකෙ වාසිය සැකකරුට හිමිවෙනවා. බැරිවෙලාවත් සැකකරුට ඒ වාසිය හිමිවුණොත්, මේ සැකකරුට පොලීසිය විසින් මුලදිම සිදුකළ හිංසාවන්ට වගකියන්නෙ කවුද?","වෛද්
‍
යවරිය දිගින් දිගටම පෙරෙට්ටුව මගෑරියොත්, ඒකෙ වාසිය සැකකරුට හිමිවෙනවා. බැරිවෙලාවත් සැකකරුට ඒ වාසිය හිමිවුණොත්, මේ සැකකරුට පොලීසිය විසින් මුලදිම සිදුකළ හිංසාවන්ට වගකියන්නෙ කවුද?"
https://www.facebook.com/photo?fbid=1095328645953171&set=a.356928166459893,ලංකාවේ මේ රෙද්ද කවද තුරන් වෙයිද ? දැකලම එපා වෙලා රෙද්ද?(bed sheet),ලංකාවේ මේ රෙද්ද කවද තුරන් වෙයිද ? දැකලම එපා වෙලා රෙද්ද?(bed sheet)
https://www.facebook.com/photo?fbid=1095328645953171&set=a.356928166459893,"ගිය පාරත් හදුනා ගැනීමේ පෙරට්ටුවට ඇය ගිහින් නෑ, අදත් ගිහින් නෑ
තමන්ට අපරාදයක් කරපු කෙනෙක්ට දඩුවම් දෙන්න කැමති නැද්ද එයා
හැබැයි බලහත්කාරයෙන් අතවර කරා කියලා කිසිදු ශාරිරික ලක්ශනයන් ඇයගේ ඇගේ තිබ්බේ නෑ කියලත් කතාවක් ගිය නේද
දැන් හිතෙනවා මේ ඔක්කොම ව… See more","ගිය පාරත් හදුනා ගැනීමේ පෙරට්ටුවට ඇය ගිහින් නෑ, අදත් ගිහින් නෑ
තමන්ට අපරාදයක් කරපු කෙනෙක්ට දඩුවම් දෙන්න කැමති නැද්ද එයා
හැබැයි බලහත්කාරයෙන් අතවර කරා කියලා කිසිදු ශාරිරික ලක්ශනයන් ඇයගේ ඇගේ තිබ්බේ නෑ කියලත් කතාවක් ගිය නේද
දැන් හිතෙනවා මේ ඔක්කොම ව… See more"
https://www.facebook.com/photo?fbid=1095328645953171&set=a.356928166459893,ඇයි ඌ ආයෙත් බන්ධනාගාරේ කාව හරි දූෂනය කරලද..,ඇයි ඌ ආයෙත් බන්ධනාගාරේ කාව හරි දූෂනය කරලද..
https://www.facebook.com/photo?fbid=1095328645953171&set=a.356928166459893,අන්තිමට අරූගෙ පශ්චාත්භාගයට පොල්ලක් ඇතුල් කරපු එක විතරයි උනේ,අන්තිමට අරූගෙ පශ්චාත්භාගයට පොල්ලක් ඇතුල් කරපු එක විතරයි උනේ
https://www.facebook.com/photo?fbid=1095328645953171&set=a.356928166459893,"නාට්
‍
යක් කියලත් හිතෙනවා දැන්නම්...","නාට්
‍
යක් කියලත් හිතෙනවා දැන්නම්..."
https://www.facebook.com/photo?fbid=1095328645953171&set=a.356928166459893,උ⁣ගේ සැප ෂෝක් වගේ ඩොක්ටට මොන ගැනිද ආස නැත්තේ මැ.. උරල වැඩෙි දෙනවට,උ⁣ගේ සැප ෂෝක් වගේ ඩොක්ටට මොන ගැනිද ආස නැත්තේ මැ.. උරල වැඩෙි දෙනවට
https://www.facebook.com/photo?fbid=1095328645953171&set=a.356928166459893,තව ටිකදවසකින් නිදොස් කොට නිදහස්,තව ටිකදවසකින් නිදොස් කොට නිදහස්
https://www.facebook.com/photo?fbid=1095328645953171&set=a.356928166459893,"මොන මගුලක්ද මේ . දැන් වෛද්
‍
යවරිය උසාවි අවේ නැ කීවා...මේ නඩුවත් නීතිඥවරැ මොනවාහරි කරලා එයාලට සල්ලි හොයන්න තියන එකම විදිහනේ සැකකරැගෙන් හොද කුට්ටියක් අරන් අරවා මේවා කියයි උසාවියේ අපිට මොකුත් කියන්න බෑනේ..එයාලා මැච් එක ගහයි ලස්සනට වෛද්
‍
ය වරියට අන්තීම නයිට… See more","මොන මගුලක්ද මේ . දැන් වෛද්
‍
යවරිය උසාවි අවේ නැ කීවා...මේ නඩුවත් නීතිඥවරැ මොනවාහරි කරලා එයාලට සල්ලි හොයන්න තියන එකම විදිහනේ සැකකරැගෙන් හොද කුට්ටියක් අරන් අරවා මේවා කියයි උසාවියේ අපිට මොකුත් කියන්න බෑනේ..එයාලා මැච් එක ගහයි ලස්සනට වෛද්
‍
ය වරියට අන්තීම නයිට… See more"
https://www.facebook.com/photo?fbid=1095328645953171&set=a.356928166459893,⁣ඉස්සෙල්ලා මූනයි හැම මගුලක්ම දලා දැන් රෙද්දෙන් වැහුවම හරිද?,⁣ඉස්සෙල්ලා මූනයි හැම මගුලක්ම දලා දැන් රෙද්දෙන් වැහුවම හරිද?
https://www.facebook.com/photo?fbid=1095328645953171&set=a.356928166459893,නැවත නැවත දුශනය කරනවා මිඩියා කාරයො,නැවත නැවත දුශනය කරනවා මිඩියා කාරයො
https://www.facebook.com/photo?fbid=1095328645953171&set=a.356928166459893,"Mona p,,, Roman karanna. … Marsala danna ona atha in ewarai","Mona p,,, Roman karanna. … Marsala danna ona atha in ewarai"
https://www.facebook.com/photo?fbid=1095328645953171&set=a.356928166459893,3 weni partt. Peretuwta windithya nopeminiyhwt peretuwta awalangui .. sekye wasiya chudithyta,3 weni partt. Peretuwta windithya nopeminiyhwt peretuwta awalangui .. sekye wasiya chudithyta
https://www.facebook.com/photo?fbid=1095328645953171&set=a.356928166459893,"පැමිනිල්ල නැත්නම් සැකකරැ
නිදහස් කරන්න පුලුවන් නේද.","පැමිනිල්ල නැත්නම් සැකකරැ
නිදහස් කරන්න පුලුවන් නේද."
https://www.facebook.com/photo?fbid=1095328645953171&set=a.356928166459893,dusane kiwata athagala vitarai wage,dusane kiwata athagala vitarai wage
https://www.facebook.com/photo?fbid=1095328645953171&set=a.356928166459893,උසාවිය පැත්තේ එන්න බැරැව ඇති.මීඩියා කාක්කෝහැම තැනම.....,උසාවිය පැත්තේ එන්න බැරැව ඇති.මීඩියා කාක්කෝහැම තැනම.....
https://www.facebook.com/photo?fbid=1095328645953171&set=a.356928166459893,PARANA TIRE DEKAK DAPAN BAAN,PARANA TIRE DEKAK DAPAN BAAN
https://www.facebook.com/photo?fbid=1095328645953171&set=a.356928166459893,Mulinma kiuwa me geni boruwak karanne kiyala,Mulinma kiuwa me geni boruwak karanne kiyala
https://www.facebook.com/photo?fbid=1095328645953171&set=a.356928166459893,ඇයි දන්නෑ එන්නැත්තෙ..ගෑල්ලමය,ඇයි දන්නෑ එන්නැත්තෙ..ගෑල්ලමය
https://www.facebook.com/photo?fbid=1095328645953171&set=a.356928166459893,C,C
https://www.facebook.com/photo?fbid=1095328645953171&set=a.356928166459893,','
https://www.facebook.com/photo?fbid=1095328645953171&set=a.356928166459893,Why is this dirty man(JVP) being taken covering in a piece of a clothe?,Why is this dirty man(JVP) being taken covering in a piece of a clothe?
https://www.facebook.com/photo?fbid=1095314535954582&set=a.356928166459893,විදින්න එපා ඕව. නැති ලෙඩක් ඒවි.,විදින්න එපා ඕව. නැති ලෙඩක් ඒවි.
https://www.facebook.com/photo?fbid=1095314535954582&set=a.356928166459893,තියෙන වසන්ගත හැදෙන්නෙ මේ බෙහෙත් වලට.ඒ නිස ජරා බෙහෙත් විදගන්න එපා.යද්දි යන්නෙ ලන්කාවට නැති ලෙඩ අරන්,තියෙන වසන්ගත හැදෙන්නෙ මේ බෙහෙත් වලට.ඒ නිස ජරා බෙහෙත් විදගන්න එපා.යද්දි යන්නෙ ලන්කාවට නැති ලෙඩ අරන්
https://www.facebook.com/photo?fbid=1095314535954582&set=a.356928166459893,අයෙත් මගුලක් විදිනවා විදපුවාත් තාම අපි විදොනවා,අයෙත් මගුලක් විදිනවා විදපුවාත් තාම අපි විදොනවා
https://www.facebook.com/photo?fbid=1095314535954582&set=a.356928166459893,බහරේන් එන්න එපා. දුප්පත් රටක් පඩි අඩුයි බඩු ගණන්.,බහරේන් එන්න එපා. දුප්පත් රටක් පඩි අඩුයි බඩු ගණන්.
https://www.facebook.com/photo?fbid=1095314535954582&set=a.356928166459893,බහරෙන් එන්න එපා.දුප්පත් රටක්.,බහරෙන් එන්න එපා.දුප්පත් රටක්.
https://www.facebook.com/photo?fbid=1095314535954582&set=a.356928166459893,අපෝයි.ආයෙත් ......,අපෝයි.ආයෙත් ......
https://www.facebook.com/photo?fbid=1095314535954582&set=a.356928166459893,Ayamatha kalawanda. Waga,Ayamatha kalawanda. Waga
https://www.facebook.com/photo?fbid=1095314535954582&set=a.356928166459893,Oya mole meleriyawa kiyanne. Putha no dannawa.,Oya mole meleriyawa kiyanne. Putha no dannawa.
https://www.facebook.com/photo?fbid=1095314535954582&set=a.356928166459893,වද එන්නතක් වෙන්න ඇති එහෙන් බේරෙන්නම බැරිම තැන,වද එන්නතක් වෙන්න ඇති එහෙන් බේරෙන්නම බැරිම තැන
https://www.facebook.com/photo?fbid=1095314535954582&set=a.356928166459893,ඖෂධ මාෆියාව ලංකාව ගිලගෙන ඉවරයි...,ඖෂධ මාෆියාව ලංකාව ගිලගෙන ඉවරයි...
https://www.facebook.com/photo?fbid=1095314535954582&set=a.356928166459893,සල්ලි වේලට කරන්න දේවල් නැද්ද දන්නේ නෑ,සල්ලි වේලට කරන්න දේවල් නැද්ද දන්නේ නෑ
https://www.facebook.com/photo?fbid=1095314535954582&set=a.356928166459893,Pathum Hettiarachchi මෝල් අමාරුවට ගහන එක.ගහන් යන්න,Pathum Hettiarachchi මෝල් අමාරුවට ගහන එක.ගහන් යන්න
https://www.facebook.com/sinhala.adaderana.lk/videos/2677865205730441,පච කොටා පුම්බගෙන ඉන්නෙ දැන්,පච කොටා පුම්බගෙන ඉන්නෙ දැන්
https://www.facebook.com/sinhala.adaderana.lk/videos/2677865205730441,සිංහල න් ද කතා කලේ,සිංහල න් ද කතා කලේ
https://www.facebook.com/sinhala.adaderana.lk/videos/2677865205730441,පච පප්පා,පච පප්පා
https://www.facebook.com/sinhala.adaderana.lk/videos/2677865205730441,කොටා බය වෙලා වගේ,කොටා බය වෙලා වගේ
https://www.facebook.com/sinhala.adaderana.lk/videos/2677865205730441,ඉරර්ශාව ..putha ..,ඉරර්ශාව ..putha ..
https://www.facebook.com/sinhala.adaderana.lk/videos/2677865205730441,පච වපුරන්න,පච වපුරන්න
https://www.facebook.com/sinhala.adaderana.lk/videos/2677865205730441,Malimawata jayawewa,Malimawata jayawewa
https://www.facebook.com/sinhala.adaderana.lk/videos/2677865205730441,@#,@#
https://www.facebook.com/sinhala.adaderana.lk/videos/2677865205730441,මොකෑ ඉතින් කියුවෙ,මොකෑ ඉතින් කියුවෙ
